"Symbol","Name","LastSale","MarketCap","ADR TSO","IPOyear","Sector","Industry","Summary Quote",
"VNET","21Vianet Group, Inc.","18.69","955630241.16","51130564","2011","Technology","Computer Software: Programming, Data Processing","http://www.nasdaq.com/symbol/vnet",
"TWOU","2U, Inc.","21.85","995842548.3","n/a","2014","Technology","Computer Software: Prepackaged Software","http://www.nasdaq.com/symbol/twou",
"DDD","3D Systems Corporation","7.48","838343073.48","n/a","n/a","Technology","Computer Software: Prepackaged Software","http://www.nasdaq.com/symbol/ddd",
"JOBS","51job, Inc.","27.15","639736047.3","23563022","2004","Technology","Diversified Commercial Services","http://www.nasdaq.com/symbol/jobs",
"WUBA","58.com Inc.","56.72","7896607519.52","n/a","2013","Technology","Computer Software: Programming, Data Processing","http://www.nasdaq.com/symbol/wuba",
"ATEN","A10 Networks, Inc.","6.01","380647905.58","n/a","2014","Technology","Computer Communications Equipment","http://www.nasdaq.com/symbol/aten",
"AAN","Aaron&#39;s,  Inc.","20.74","1505273962.74","n/a","n/a","Technology","Diversified Commercial Services","http://www.nasdaq.com/symbol/aan",
"ACIW","ACI Worldwide, Inc.","18.81","2224449720.9","n/a","n/a","Technology","Computer Software: Prepackaged Software","http://www.nasdaq.com/symbol/aciw",
"ACTS","Actions Semiconductor Co., Ltd.","1.66","58730160.9","35379615","2005","Technology","Semiconductors","http://www.nasdaq.com/symbol/acts",
"ATVI","Activision Blizzard, Inc","34.86","25489069359.6","n/a","n/a","Technology","Computer Software: Prepackaged Software","http://www.nasdaq.com/symbol/atvi",
"ACTA","Actua Corporation","9.48","386764528.08","n/a","n/a","Technology","EDP Services","http://www.nasdaq.com/symbol/acta",
"ATU","Actuant Corporation","21.45","1263521923.95","n/a","n/a","Technology","Industrial Machinery/Components","http://www.nasdaq.com/symbol/atu",
"ACXM","Acxiom Corporation","18.35","1428986578.8","n/a","n/a","Technology","EDP Services","http://www.nasdaq.com/symbol/acxm",
"IOTS","Adesto Technologies Corporation","6.43","96287436.74","n/a","2015","Technology","Semiconductors","http://www.nasdaq.com/symbol/iots",
"ADBE","Adobe Systems Incorporated","88.3","44043982516.7","n/a","1986","Technology","Computer Software: Prepackaged Software","http://www.nasdaq.com/symbol/adbe",
"AMD","Advanced Micro Devices, Inc.","2.25","1782895171.5","n/a","n/a","Technology","Semiconductors","http://www.nasdaq.com/symbol/amd",
"ASX","Advanced Semiconductor Engineering, Inc.","5.14","7974243282.86","n/a","n/a","Technology","Semiconductors","http://www.nasdaq.com/symbol/asx",
"ATE","Advantest Corporation (Kabushiki Kaisha Advantest) ADS","8.08","1410550033.92","n/a","n/a","Technology","Semiconductors","http://www.nasdaq.com/symbol/ate",
"AER","Aercap Holdings N.V.","36.1","7130928195.7","n/a","2006","Technology","Diversified Commercial Services","http://www.nasdaq.com/symbol/aer",
"ACY","AeroCentury Corp.","11.5","17747455.5","n/a","n/a","Technology","Diversified Commercial Services","http://www.nasdaq.com/symbol/acy",
"HIVE","Aerohive Networks, Inc.","4.38","210628716.24","n/a","2014","Technology","EDP Services","http://www.nasdaq.com/symbol/hive",
"WGA","AG&E Holdings, Inc.","0.488","5693984","n/a","n/a","Technology","Radio And Television Broadcasting And Communications Equipment","http://www.nasdaq.com/symbol/wga",
"AGYS","Agilysys, Inc.","9.07","208074643.25","n/a","n/a","Technology","EDP Services","http://www.nasdaq.com/symbol/agys",
"AL","Air Lease Corporation","26.6","2702072395.4","n/a","2011","Technology","Diversified Commercial Services","http://www.nasdaq.com/symbol/al",
"AYR","Aircastle Limited","19.24","1562047403.8","n/a","2006","Technology","Diversified Commercial Services","http://www.nasdaq.com/symbol/ayr",
"AMCN","AirMedia Group Inc","5.45","239089783.25","43869685","2007","Technology","Advertising","http://www.nasdaq.com/symbol/amcn",
"AIXG","Aixtron SE","3.52","14822318.72","4210886","n/a","Technology","Industrial Machinery/Components","http://www.nasdaq.com/symbol/aixg",
"ALRM","Alarm.com Holdings, Inc.","15.92","725540818.24","n/a","2015","Technology","Computer Software: Prepackaged Software","http://www.nasdaq.com/symbol/alrm",
"AFOP","Alliance Fiber Optic Products, Inc.","13.69","237996994.77","n/a","2000","Technology","Semiconductors","http://www.nasdaq.com/symbol/afop",
"ALLT","Allot Communications Ltd.","5.04","168143114.16","n/a","2006","Technology","Computer Communications Equipment","http://www.nasdaq.com/symbol/allt",
"MDRX","Allscripts Healthcare Solutions, Inc.","14.29","2701025779","n/a","n/a","Technology","EDP Services","http://www.nasdaq.com/symbol/mdrx",
"AOSL","Alpha and Omega Semiconductor Limited","8.68","192696520.8","n/a","2010","Technology","Semiconductors","http://www.nasdaq.com/symbol/aosl",
"GOOG","Alphabet Inc.","700.56","481792740891.84","n/a","2004","Technology","Computer Software: Programming, Data Processing","http://www.nasdaq.com/symbol/goog",
"GOOGL","Alphabet Inc.","719.57","494866396259.48","n/a","n/a","Technology","Computer Software: Programming, Data Processing","http://www.nasdaq.com/symbol/googl",
"AYA","Amaya Inc.","10.92","1458065448.84","n/a","n/a","Technology","Computer Software: Programming, Data Processing","http://www.nasdaq.com/symbol/aya",
"AMBA","Ambarella, Inc.","44.59","1429081586.66","n/a","2012","Technology","Semiconductors","http://www.nasdaq.com/symbol/amba",
"AMBR","Amber Road, Inc.","4.2","110272482.6","n/a","2014","Technology","Computer Software: Prepackaged Software","http://www.nasdaq.com/symbol/ambr",
"DOX","Amdocs Limited","52.8","7938585864","n/a","n/a","Technology","EDP Services","http://www.nasdaq.com/symbol/dox",
"AMSWA","American Software, Inc.","9.64","276674391.32","n/a","n/a","Technology","Computer Software: Prepackaged Software","http://www.nasdaq.com/symbol/amswa",
"AMKR","Amkor Technology, Inc.","5.65","1341102402.05","n/a","1998","Technology","Semiconductors","http://www.nasdaq.com/symbol/amkr",
"AHS","AMN Healthcare Services Inc","24.9","1187579803.2","n/a","2001","Technology","Professional Services","http://www.nasdaq.com/symbol/ahs",
"ASYS","Amtech Systems, Inc.","5.32","69960495.08","n/a","n/a","Technology","Industrial Machinery/Components","http://www.nasdaq.com/symbol/asys",
"ANAD","ANADIGICS, Inc.","0.6704","59554931.0384","n/a","1995","Technology","Semiconductors","http://www.nasdaq.com/symbol/anad",
"ADI","Analog Devices, Inc.","50.1","15634240168.2","n/a","n/a","Technology","Semiconductors","http://www.nasdaq.com/symbol/adi",
"ANSS","ANSYS, Inc.","84.45","7515390952.2","n/a","1996","Technology","Computer Software: Prepackaged Software","http://www.nasdaq.com/symbol/anss",
"ATNY","API Technologies Corp.","1.2399","68723999.295","n/a","n/a","Technology","Semiconductors","http://www.nasdaq.com/symbol/atny",
"APIC","Apigee Corporation","8.2","242151026.6","n/a","2015","Technology","Computer Software: Prepackaged Software","http://www.nasdaq.com/symbol/apic",
"APPF","AppFolio, Inc.","12.83","430176248.88","n/a","2015","Technology","Computer Software: Prepackaged Software","http://www.nasdaq.com/symbol/appf",
"AAPL","Apple Inc.","97.39","542981486090","n/a","1980","Technology","Computer Manufacturing","http://www.nasdaq.com/symbol/aapl",
"AMAT","Applied Materials, Inc.","16.2","18615960901.8","n/a","1972","Technology","Semiconductors","http://www.nasdaq.com/symbol/amat",
"AMCC","Applied Micro Circuits Corporation","5.29","438201191.56","n/a","1997","Technology","Semiconductors","http://www.nasdaq.com/symbol/amcc",
"AAOI","Applied Optoelectronics, Inc.","13.97","235185131.61","n/a","2013","Technology","Semiconductors","http://www.nasdaq.com/symbol/aaoi",
"AROC","Archrock, Inc.","5.25","364591662.75","n/a","n/a","Technology","Diversified Commercial Services","http://www.nasdaq.com/symbol/aroc",
"ARIS","ARI Network Services, Inc.","3.72","63884575.56","n/a","1991","Technology","Computer Software: Programming, Data Processing","http://www.nasdaq.com/symbol/aris",
"ANET","Arista Networks, Inc.","64.71","4384513926.18","n/a","2014","Technology","Computer Communications Equipment","http://www.nasdaq.com/symbol/anet",
"ARMH","ARM Holdings plc","41.41","4770705554.46","115206606","n/a","Technology","Semiconductors","http://www.nasdaq.com/symbol/armh",
"ARRS","ARRIS International plc","26.73","3920106379.86","n/a","n/a","Technology","Radio And Television Broadcasting And Communications Equipment","http://www.nasdaq.com/symbol/arrs",
"ASTI","Ascent Solar Technologies, Inc.","0.0651","6060915.9828","n/a","n/a","Technology","Semiconductors","http://www.nasdaq.com/symbol/asti",
"ASML","ASML Holding N.V.","80.01","4752461423.43","59398343","1995","Technology","Industrial Machinery/Components","http://www.nasdaq.com/symbol/asml",
"AZPN","Aspen Technology, Inc.","34.21","2849196065.54","n/a","1994","Technology","EDP Services","http://www.nasdaq.com/symbol/azpn",
"ALOT","Astro-Med, Inc.","13.94","102329859.84","n/a","1983","Technology","Computer peripheral equipment","http://www.nasdaq.com/symbol/alot",
"ASUR","Asure Software Inc","5.1","32077194.6","n/a","n/a","Technology","EDP Services","http://www.nasdaq.com/symbol/asur",
"TEAM","Atlassian Corporation Plc","26.73","5577886198.17","n/a","2015","Technology","Computer Software: Prepackaged Software","http://www.nasdaq.com/symbol/team",
"ATML","Atmel Corporation","7.95","3341408055","n/a","1991","Technology","Semiconductors","http://www.nasdaq.com/symbol/atml",
"ATTU","Attunity Ltd.","10.65","175421049","n/a","n/a","Technology","Computer Software: Prepackaged Software","http://www.nasdaq.com/symbol/attu",
"AUO","AU Optronics Corp","2.82","2714037121.02","n/a","2002","Technology","Semiconductors","http://www.nasdaq.com/symbol/auo",
"ADAT","Authentidate Holding Corp.","0.53","22660649.26","n/a","n/a","Technology","EDP Services","http://www.nasdaq.com/symbol/adat",
"ABTL","Autobytel Inc.","18.42","193404823.98","n/a","1999","Technology","Computer Software: Programming, Data Processing","http://www.nasdaq.com/symbol/abtl",
"ADSK","Autodesk, Inc.","50.87","11462189200.07","n/a","n/a","Technology","Computer Software: Prepackaged Software","http://www.nasdaq.com/symbol/adsk",
"ATHM","Autohome Inc.","28.94","3200826597.22","n/a","2013","Technology","EDP Services","http://www.nasdaq.com/symbol/athm",
"ADP","Automatic Data Processing, Inc.","77.34","35669720300.16","n/a","n/a","Technology","EDP Services","http://www.nasdaq.com/symbol/adp",
"AVGO","Avago Technologies Limited","123.31","34093929493.25","n/a","2009","Technology","Semiconductors","http://www.nasdaq.com/symbol/avgo",
"AVG","AVG Technologies N.V.","18.58","972471774.64","n/a","2012","Technology","Computer Software: Prepackaged Software","http://www.nasdaq.com/symbol/avg",
"AVNW","Aviat Networks, Inc.","0.65","40627301.65","n/a","n/a","Technology","Radio And Television Broadcasting And Communications Equipment","http://www.nasdaq.com/symbol/avnw",
"AWRE","Aware, Inc.","3.03","69477600.03","n/a","1996","Technology","Computer Software: Prepackaged Software","http://www.nasdaq.com/symbol/awre",
"ACLS","Axcelis Technologies, Inc.","2.43","281180198.88","n/a","2000","Technology","Industrial Machinery/Components","http://www.nasdaq.com/symbol/acls",
"AXTI","AXT Inc","2.4","78099043.2","n/a","1998","Technology","Semiconductors","http://www.nasdaq.com/symbol/axti",
"BOSC","B.O.S. Better Online Solutions","1.75","41163052","n/a","n/a","Technology","Computer Communications Equipment","http://www.nasdaq.com/symbol/bosc",
"BIDU","Baidu, Inc.","166.04","46003472443.6","277062590","2005","Technology","Computer Software: Programming, Data Processing","http://www.nasdaq.com/symbol/bidu",
"RATE","Bankrate, Inc.","11.48","1140863687.6","n/a","2011","Technology","EDP Services","http://www.nasdaq.com/symbol/rate",
"CUDA","Barracuda Networks, Inc.","10.28","545889875.84","n/a","2013","Technology","Computer peripheral equipment","http://www.nasdaq.com/symbol/cuda",
"BBSI","Barrett Business Services, Inc.","38.17","274902706.54","n/a","1993","Technology","Professional Services","http://www.nasdaq.com/symbol/bbsi",
"BV","Bazaarvoice, Inc.","3.68","299268949.12","n/a","2012","Technology","Computer Software: Prepackaged Software","http://www.nasdaq.com/symbol/bv",
"BHE","Benchmark Electronics, Inc.","18.95","957561843.6","n/a","n/a","Technology","Electrical Products","http://www.nasdaq.com/symbol/bhe",
"BNFT","Benefitfocus, Inc.","30.59","891385656.07","n/a","2013","Technology","Computer Software: Prepackaged Software","http://www.nasdaq.com/symbol/bnft",
"BGSF","BG Staffing Inc","13.2","97409043.6","n/a","n/a","Technology","Professional Services","http://www.nasdaq.com/symbol/bgsf",
"BITA","Bitauto Holdings Limited","22.94","1452361084.36","n/a","2010","Technology","EDP Services","http://www.nasdaq.com/symbol/bita",
"BBOX","Black Box Corporation","7.41","113984139.75","n/a","n/a","Technology","Computer Communications Equipment","http://www.nasdaq.com/symbol/bbox",
"BKFS","Black Knight Financial Services, Inc.","30.11","4601168175.82","n/a","2015","Technology","Computer Software: Prepackaged Software","http://www.nasdaq.com/symbol/bkfs",
"BLKB","Blackbaud, Inc.","57.31","2687844387.14","n/a","2004","Technology","Computer Software: Prepackaged Software","http://www.nasdaq.com/symbol/blkb",
"BDR","Blonder Tongue Laboratories, Inc.","0.38","2490799.68","n/a","n/a","Technology","Radio And Television Broadcasting And Communications Equipment","http://www.nasdaq.com/symbol/bdr",
"BCOR","Blucora, Inc.","8.43","345563242.83","n/a","n/a","Technology","EDP Services","http://www.nasdaq.com/symbol/bcor",
"EPAY","Bottomline Technologies, Inc.","28.15","1135643289.2","n/a","1999","Technology","Computer Software: Prepackaged Software","http://www.nasdaq.com/symbol/epay",
"BOX","Box, Inc.","10.62","1311156043.02","n/a","2015","Technology","Computer Software: Prepackaged Software","http://www.nasdaq.com/symbol/box",
"BLIN          ","Bridgeline Digital, Inc.","0.8399","4473823.9385","n/a","n/a","Technology","Computer Software: Prepackaged Software","http://www.nasdaq.com/symbol/blin          ",
"BCOV","Brightcove Inc.","5.78","188840281.62","n/a","2012","Technology","EDP Services","http://www.nasdaq.com/symbol/bcov",
"BRCM","Broadcom Corporation","53.22","32410980000","n/a","1998","Technology","Semiconductors","http://www.nasdaq.com/symbol/brcm",
"BSFT","BroadSoft, Inc.","32.03","923399788.48","n/a","2010","Technology","Computer Software: Prepackaged Software","http://www.nasdaq.com/symbol/bsft",
"BVSN","BroadVision, Inc.","5.99","29241514.78","n/a","1996","Technology","Computer Software: Prepackaged Software","http://www.nasdaq.com/symbol/bvsn",
"BRCD","Brocade Communications Systems, Inc.","8.06","3301423940.88","n/a","1999","Technology","Computer Communications Equipment","http://www.nasdaq.com/symbol/brcd",
"BRKS","Brooks Automation, Inc.","9.25","625713132.75","n/a","1995","Technology","Industrial Machinery/Components","http://www.nasdaq.com/symbol/brks",
"CA","CA Inc.","26.35","11560843795","n/a","n/a","Technology","Computer Software: Prepackaged Software","http://www.nasdaq.com/symbol/ca",
"CCMP","Cabot Microelectronics Corporation","39.02","954292747.06","n/a","2000","Technology","Semiconductors","http://www.nasdaq.com/symbol/ccmp",
"CACI","CACI International, Inc.","86.58","2098969675.92","n/a","n/a","Technology","EDP Services","http://www.nasdaq.com/symbol/caci",
"CDNS","Cadence Design Systems, Inc.","18.66","5551275360","n/a","n/a","Technology","Computer Software: Prepackaged Software","http://www.nasdaq.com/symbol/cdns",
"CAI","CAI International, Inc.","7.13","144184592.59","n/a","n/a","Technology","Diversified Commercial Services","http://www.nasdaq.com/symbol/cai",
"CAMP","CalAmp Corp.","17.06","624247219.74","n/a","1983","Technology","Radio And Television Broadcasting And Communications Equipment","http://www.nasdaq.com/symbol/camp",
"CALD","Callidus Software, Inc.","16.39","919845103.43","n/a","2003","Technology","EDP Services","http://www.nasdaq.com/symbol/cald",
"CSIQ","Canadian Solar Inc.","20.63","1154567089.09","n/a","2006","Technology","Semiconductors","http://www.nasdaq.com/symbol/csiq",
"CARB","Carbonite, Inc.","9.16","249639577.64","n/a","2011","Technology","EDP Services","http://www.nasdaq.com/symbol/carb",
"CSLT","Castlight Health, inc.","3.75","354916642.5","n/a","2014","Technology","EDP Services","http://www.nasdaq.com/symbol/cslt",
"CAVM","Cavium, Inc.","57.29","3204042648.15","n/a","2007","Technology","Semiconductors","http://www.nasdaq.com/symbol/cavm",
"CDI","CDI Corporation","5.04","99290691.36","n/a","n/a","Technology","Professional Services","http://www.nasdaq.com/symbol/cdi",
"CLS","Celestica, Inc.","9.99","1243988865.9","n/a","1998","Technology","Electrical Products","http://www.nasdaq.com/symbol/cls",
"CRNT","Ceragon Networks Ltd.","1.06","81786921.38","n/a","n/a","Technology","Radio And Television Broadcasting And Communications Equipment","http://www.nasdaq.com/symbol/crnt",
"CERN","Cerner Corporation","58.33","19954968725.91","n/a","1986","Technology","EDP Services","http://www.nasdaq.com/symbol/cern",
"CEVA","CEVA, Inc.","22.28","455471154","n/a","n/a","Technology","Semiconductors","http://www.nasdaq.com/symbol/ceva",
"CYOU","Changyou.com Limited","20.51","377210813.56","18391556","2009","Technology","Computer Software: Prepackaged Software","http://www.nasdaq.com/symbol/cyou",
"ECOM          ","ChannelAdvisor Corporation","12.39","311596097.61","n/a","2013","Technology","Computer Software: Prepackaged Software","http://www.nasdaq.com/symbol/ecom          ",
"CHKP","Check Point Software Technologies Ltd.","76.95","14142713833.35","n/a","1996","Technology","Computer Software: Prepackaged Software","http://www.nasdaq.com/symbol/chkp",
"CMCM","Cheetah Mobile Inc.","15.11","2151515725.57","n/a","2014","Technology","Computer Software: Prepackaged Software","http://www.nasdaq.com/symbol/cmcm",
"CVR","Chicago Rivet & Machine Co.","24.42","23592943.44","n/a","n/a","Technology","Industrial Machinery/Components","http://www.nasdaq.com/symbol/cvr",
"STV","China Digital TV Holding Co., Ltd.","1.42","84781909.4","n/a","2007","Technology","Computer Software: Prepackaged Software","http://www.nasdaq.com/symbol/stv",
"CNIT","China Information Technology, Inc.","1.14","38259949.26","n/a","n/a","Technology","Computer Software: Prepackaged Software","http://www.nasdaq.com/symbol/cnit",
"CSUN","China Sunergy Co., Ltd.","0.862","10090821.98","11706290","2007","Technology","Semiconductors","http://www.nasdaq.com/symbol/csun",
"CCIH","ChinaCache International Holdings Ltd.","6.54","111928692.66","17114479","2010","Technology","EDP Services","http://www.nasdaq.com/symbol/ccih",
"CNET","ChinaNet Online Holdings, Inc.","0.71","21001892.3","n/a","n/a","Technology","Advertising","http://www.nasdaq.com/symbol/cnet",
"IMOS","ChipMOS TECHNOLOGIES (Bermuda) LTD.","17.69","504215575.71","n/a","n/a","Technology","Semiconductors","http://www.nasdaq.com/symbol/imos",
"CBR","Ciber, Inc.","3.13","248645910.44","n/a","n/a","Technology","EDP Services","http://www.nasdaq.com/symbol/cbr",
"CRUS","Cirrus Logic, Inc.","25.76","1640787785.28","n/a","1989","Technology","Semiconductors","http://www.nasdaq.com/symbol/crus",
"CSCO","Cisco Systems, Inc.","24.6","124871551198.2","n/a","1990","Technology","Computer Communications Equipment","http://www.nasdaq.com/symbol/csco",
"CTXS","Citrix Systems, Inc.","67.27","10347770549.69","n/a","1995","Technology","Computer Software: Prepackaged Software","http://www.nasdaq.com/symbol/ctxs",
"CLNT","Cleantech Solutions International, Inc.","1.28","5048302.08","n/a","n/a","Technology","Industrial Machinery/Components","http://www.nasdaq.com/symbol/clnt",
"CDRB","Code Rebel Corporation","2.14","28578041.5","n/a","2015","Technology","Computer Software: Prepackaged Software","http://www.nasdaq.com/symbol/cdrb",
"CCOI","Cogent Communications Holdings, Inc.","30.65","1384955620.1","n/a","n/a","Technology","Computer Software: Prepackaged Software","http://www.nasdaq.com/symbol/ccoi",
"CTSH","Cognizant Technology Solutions Corporation","57.77","35128136078.02","n/a","1998","Technology","EDP Services","http://www.nasdaq.com/symbol/ctsh",
"COMM","CommScope Holding Company, Inc.","23.06","4396755515.64","n/a","2013","Technology","Radio And Television Broadcasting And Communications Equipment","http://www.nasdaq.com/symbol/comm",
"CVLT","CommVault Systems, Inc.","33.93","1537317608.58","n/a","2006","Technology","Computer Software: Prepackaged Software","http://www.nasdaq.com/symbol/cvlt",
"CPSI","Computer Programs and Systems, Inc.","49.65","561178459.2","n/a","2002","Technology","EDP Services","http://www.nasdaq.com/symbol/cpsi",
"CSC","Computer Sciences Corporation","28.82","3999752228.56","n/a","n/a","Technology","EDP Services","http://www.nasdaq.com/symbol/csc",
"CTG","Computer Task Group, Incorporated","5.91","112137309.24","n/a","n/a","Technology","EDP Services","http://www.nasdaq.com/symbol/ctg",
"CMTL","Comtech Telecommunications Corp.","19.12","308826469.44","n/a","n/a","Technology","Radio And Television Broadcasting And Communications Equipment","http://www.nasdaq.com/symbol/cmtl",
"CCUR","Concurrent Computer Corporation","5.25","48334613.25","n/a","n/a","Technology","Computer Manufacturing","http://www.nasdaq.com/symbol/ccur",
"CNXR","Connecture, Inc.","2.25","49318647.75","n/a","2014","Technology","Computer Software: Prepackaged Software","http://www.nasdaq.com/symbol/cnxr",
"CTCT","Constant Contact, Inc.","28.1","897088144.5","n/a","2007","Technology","Advertising","http://www.nasdaq.com/symbol/ctct",
"CVG","Convergys Corporation","22.83","2226673024.95","n/a","1998","Technology","EDP Services","http://www.nasdaq.com/symbol/cvg",
"COYN","COPsync, Inc.","1.58","6653618.58","n/a","n/a","Technology","Computer Communications Equipment","http://www.nasdaq.com/symbol/coyn",
"COYNW","COPsync, Inc.","0.51","0","n/a","n/a","Technology","Computer Communications Equipment","http://www.nasdaq.com/symbol/coynw",
"CLGX","CoreLogic, Inc.","32.63","2876292603.08","n/a","n/a","Technology","EDP Services","http://www.nasdaq.com/symbol/clgx",
"CSOD","Cornerstone OnDemand, Inc.","30.15","1641903755.4","n/a","2011","Technology","Computer Software: Prepackaged Software","http://www.nasdaq.com/symbol/csod",
"CPAH","CounterPath Corporation","2.839","12885959.812","n/a","n/a","Technology","Computer Software: Prepackaged Software","http://www.nasdaq.com/symbol/cpah",
"COVS","Covisint Corporation","1.95","77305905.3","n/a","2013","Technology","EDP Services","http://www.nasdaq.com/symbol/covs",
"CRAY","Cray Inc","32.46","1317666957.6","n/a","n/a","Technology","Computer Manufacturing","http://www.nasdaq.com/symbol/cray",
"CREE","Cree, Inc.","24.23","2496786625.57","n/a","1993","Technology","Semiconductors","http://www.nasdaq.com/symbol/cree",
"CRTO","Criteo S.A.","31.4","1774947957","56527005","2013","Technology","Advertising","http://www.nasdaq.com/symbol/crto",
"CCRN","Cross Country Healthcare, Inc.","13.18","429328746.8","n/a","2001","Technology","Professional Services","http://www.nasdaq.com/symbol/ccrn",
"CRDS","Crossroads Systems, Inc.","0.9899","23234513.0824","n/a","1999","Technology","Computer peripheral equipment","http://www.nasdaq.com/symbol/crds",
"CSGS","CSG Systems International, Inc.","33.53","1096276359.64","n/a","1996","Technology","EDP Services","http://www.nasdaq.com/symbol/csgs",
"CSPI","CSP Inc.","6.077","22411331.838","n/a","1982","Technology","EDP Services","http://www.nasdaq.com/symbol/cspi",
"CSRA","CSRA Inc.","28.76","4714673046.08","n/a","2015","Technology","EDP Services","http://www.nasdaq.com/symbol/csra",
"CTS","CTS Corporation","15.47","504906719.59","n/a","n/a","Technology","Electrical Products","http://www.nasdaq.com/symbol/cts",
"CW","Curtiss-Wright Corporation","69.03","3156115521.78","n/a","n/a","Technology","Industrial Machinery/Components","http://www.nasdaq.com/symbol/cw",
"CVV","CVD Equipment Corporation","8.8","54315597.6","n/a","n/a","Technology","Industrial Machinery/Components","http://www.nasdaq.com/symbol/cvv",
"CVT","CVENT, INC.","30.35","1273237099.65","n/a","1987","Technology","Computer Software: Prepackaged Software","http://www.nasdaq.com/symbol/cvt",
"CYBR","CyberArk Software Ltd.","45.27","1435960778.4","n/a","2014","Technology","Computer Software: Prepackaged Software","http://www.nasdaq.com/symbol/cybr",
"CY","Cypress Semiconductor Corporation","8.32","2777404922.24","n/a","1986","Technology","Semiconductors","http://www.nasdaq.com/symbol/cy",
"CYRN","CYREN Ltd.","1.49","46781291.6","n/a","n/a","Technology","Computer Software: Prepackaged Software","http://www.nasdaq.com/symbol/cyrn",
"DQ","DAQO New Energy Corp.","13.1","117154793.4","n/a","2010","Technology","Semiconductors","http://www.nasdaq.com/symbol/dq",
"DTLK","Datalink Corporation","6.24","145107936.48","n/a","1999","Technology","EDP Services","http://www.nasdaq.com/symbol/dtlk",
"DRAM","Dataram Corporation","0.6042","2488792.8468","n/a","n/a","Technology","Electronic Components","http://www.nasdaq.com/symbol/dram",
"DWCH","Datawatch Corporation","5.04","58672923.12","n/a","1992","Technology","Computer Software: Prepackaged Software","http://www.nasdaq.com/symbol/dwch",
"DMD","Demand Media Inc.","5.04","101169225.36","n/a","2011","Technology","EDP Services","http://www.nasdaq.com/symbol/dmd",
"DWRE","DEMANDWARE, INC.","43.19","1627648449.49","n/a","2012","Technology","EDP Services","http://www.nasdaq.com/symbol/dwre",
"DTRM","Determine, Inc. ","1.86","20714248.98","n/a","n/a","Technology","Computer Software: Prepackaged Software","http://www.nasdaq.com/symbol/dtrm",
"DGII","Digi International Inc.","10.45","264377267","n/a","1989","Technology","Computer Communications Equipment","http://www.nasdaq.com/symbol/dgii",
"DMRC","Digimarc Corporation","43.02","383258899.08","n/a","n/a","Technology","EDP Services","http://www.nasdaq.com/symbol/dmrc",
"DGLY","Digital Ally, Inc.","5.64","29217912.84","n/a","n/a","Technology","Radio And Television Broadcasting And Communications Equipment","http://www.nasdaq.com/symbol/dgly",
"DIOD","Diodes Incorporated","19.94","968901788.28","n/a","n/a","Technology","Semiconductors","http://www.nasdaq.com/symbol/diod",
"DLHC","DLH Holdings Corp.","3.11","29702166.96","n/a","n/a","Technology","Professional Services","http://www.nasdaq.com/symbol/dlhc",
"DOV","Dover Corporation","55.32","8572700587.8","n/a","n/a","Technology","Industrial Machinery/Components","http://www.nasdaq.com/symbol/dov",
"DSPG","DSP Group, Inc.","9.7","209930048.1","n/a","1994","Technology","Semiconductors","http://www.nasdaq.com/symbol/dspg",
"DST","DST Systems, Inc.","103.85","3593622492.2","n/a","1995","Technology","EDP Services","http://www.nasdaq.com/symbol/dst",
"ELNK","EarthLink Holdings Corp.","6.03","626247742.41","n/a","n/a","Technology","Computer Software: Programming, Data Processing","http://www.nasdaq.com/symbol/elnk",
"ETN","Eaton Corporation, PLC","48.43","22413404000","n/a","n/a","Technology","Industrial Machinery/Components","http://www.nasdaq.com/symbol/etn",
"EBIX","Ebix, Inc.","29.64","1000856666.16","n/a","n/a","Technology","EDP Services","http://www.nasdaq.com/symbol/ebix",
"ELON","Echelon Corporation","5.27","23272799.57","n/a","1998","Technology","Computer Communications Equipment","http://www.nasdaq.com/symbol/elon",
"SATS","EchoStar Corporation","34.77","3219478567.98","n/a","n/a","Technology","Radio And Television Broadcasting And Communications Equipment","http://www.nasdaq.com/symbol/sats",
"EDGW","Edgewater Technology, Inc.","7.745","91147605.63","n/a","n/a","Technology","Computer Software: Programming, Data Processing","http://www.nasdaq.com/symbol/edgw",
"EFUT","eFuture Information Technology Inc.","7.24","35176633.24","n/a","n/a","Technology","EDP Services","http://www.nasdaq.com/symbol/efut",
"EGAN","eGain Corporation","3.84","103795176.96","n/a","1999","Technology","Computer Software: Prepackaged Software","http://www.nasdaq.com/symbol/egan",
"ELRC","Electro Rent Corporation","7.96","192056834.28","n/a","n/a","Technology","Diversified Commercial Services","http://www.nasdaq.com/symbol/elrc",
"EA","Electronic Arts Inc.","63.38","19699001025.96","n/a","n/a","Technology","Computer Software: Prepackaged Software","http://www.nasdaq.com/symbol/ea",
"EFII","Electronics for Imaging, Inc.","41.13","1962054456.03","n/a","1992","Technology","Computer Communications Equipment","http://www.nasdaq.com/symbol/efii",
"ETAK","Elephant Talk Communications Corp.","0.25","40405571.75","n/a","n/a","Technology","EDP Services","http://www.nasdaq.com/symbol/etak",
"ELLI","Ellie Mae, Inc.","60.52","1804829679.24","n/a","2011","Technology","Computer Software: Prepackaged Software","http://www.nasdaq.com/symbol/elli",
"ELTK","Eltek Ltd.","1.15","11664176.3","n/a","1997","Technology","Electrical Products","http://www.nasdaq.com/symbol/eltk",
"EMAN","eMagin Corporation","1.7184","43848620.7264","n/a","n/a","Technology","Semiconductors","http://www.nasdaq.com/symbol/eman",
"EMC","EMC Corporation","24.19","46900475230.41","n/a","n/a","Technology","Electronic Components","http://www.nasdaq.com/symbol/emc",
"EMKR","EMCORE Corporation","5.47","140644246.16","n/a","1997","Technology","Semiconductors","http://www.nasdaq.com/symbol/emkr",
"EIGI","Endurance International Group Holdings, Inc.","10.07","1379587986","n/a","2013","Technology","Computer Software: Prepackaged Software","http://www.nasdaq.com/symbol/eigi",
"WATT","Energous Corporation","5.48","72242872.88","n/a","2014","Technology","Radio And Television Broadcasting And Communications Equipment","http://www.nasdaq.com/symbol/watt",
"ERII","Energy Recovery, Inc.","5.9","323545869.7","n/a","2008","Technology","Industrial Machinery/Components","http://www.nasdaq.com/symbol/erii",
"ENOC","EnerNOC, Inc.","3.15","96999855.75","n/a","2007","Technology","Computer Software: Programming, Data Processing","http://www.nasdaq.com/symbol/enoc",
"ENPH","Enphase Energy, Inc.","2.5","113333137.5","n/a","2012","Technology","Semiconductors","http://www.nasdaq.com/symbol/enph",
"EPAM","EPAM Systems, Inc.","70.2","3507995228.4","n/a","2012","Technology","EDP Services","http://www.nasdaq.com/symbol/epam",
"EPIQ","EPIQ Systems, Inc.","11.85","444529156.65","n/a","1997","Technology","EDP Services","http://www.nasdaq.com/symbol/epiq",
"PLUS","ePlus inc.","92.13","689317397.04","n/a","1996","Technology","Retail: Computer Software & Peripheral Equipment","http://www.nasdaq.com/symbol/plus",
"ERIC","Ericsson","9.1","2490968771.2","273732832","n/a","Technology","Radio And Television Broadcasting And Communications Equipment","http://www.nasdaq.com/symbol/eric",
"EVTC","Evertec, Inc.","14.83","1128686904.65","n/a","2013","Technology","EDP Services","http://www.nasdaq.com/symbol/evtc",
"EVDY","Everyday Health, Inc.","4.76","154064544.76","n/a","2014","Technology","EDP Services","http://www.nasdaq.com/symbol/evdy",
"EVOL","Evolving Systems, Inc.","5.24","61322504.32","n/a","1998","Technology","EDP Services","http://www.nasdaq.com/symbol/evol",
"EXA","Exa Corporation","11.13","162787101.75","n/a","2012","Technology","Computer Software: Prepackaged Software","http://www.nasdaq.com/symbol/exa",
"EXAR","Exar Corporation","5.41","261926653.98","n/a","1985","Technology","Semiconductors","http://www.nasdaq.com/symbol/exar",
"EXTN","Exterran Corporation","14.07","494607747.06","n/a","2015","Technology","Diversified Commercial Services","http://www.nasdaq.com/symbol/extn",
"EXTR","Extreme Networks, Inc.","3.55","359849044.4","n/a","1999","Technology","Computer Communications Equipment","http://www.nasdaq.com/symbol/extr",
"EZCH","EZchip Semiconductor Limited","25.07","751084339.09","n/a","n/a","Technology","Computer Communications Equipment","http://www.nasdaq.com/symbol/ezch",
"FFIV","F5 Networks, Inc.","94","6615572984","n/a","1999","Technology","Computer Communications Equipment","http://www.nasdaq.com/symbol/ffiv",
"FB","Facebook, Inc.","95.44","269903752418.32","n/a","2012","Technology","Computer Software: Programming, Data Processing","http://www.nasdaq.com/symbol/fb",
"FDS","FactSet Research Systems Inc.","146.35","6028270653","n/a","1996","Technology","Computer Software: Programming, Data Processing","http://www.nasdaq.com/symbol/fds",
"FCS","Fairchild Semiconductor International, Inc.","20.53","2327989762.49","n/a","1999","Technology","Semiconductors","http://www.nasdaq.com/symbol/fcs",
"FALC","FalconStor Software, Inc.","1.86","76599574.62","n/a","n/a","Technology","Computer Software: Prepackaged Software","http://www.nasdaq.com/symbol/falc",
"FNSR","Finisar Corporation","12.36","1322033967.72","n/a","1999","Technology","Semiconductors","http://www.nasdaq.com/symbol/fnsr",
"FEYE","FireEye, Inc.","16.64","2671783944.96","n/a","2013","Technology","Computer peripheral equipment","http://www.nasdaq.com/symbol/feye",
"FSLR","First Solar, Inc.","61.37","6193467457.55","n/a","2006","Technology","Semiconductors","http://www.nasdaq.com/symbol/fslr",
"FISV","Fiserv, Inc.","86.83","19844014973.68","n/a","1986","Technology","EDP Services","http://www.nasdaq.com/symbol/fisv",
"FIT","Fitbit, Inc.","19.85","4112635192.2","n/a","2015","Technology","Computer Manufacturing","http://www.nasdaq.com/symbol/fit",
"FIVN","Five9, Inc.","7.8","393933267","n/a","2014","Technology","EDP Services","http://www.nasdaq.com/symbol/fivn",
"FLTX","Fleetmatics Group PLC","43","1659101336","n/a","2012","Technology","Computer Software: Prepackaged Software","http://www.nasdaq.com/symbol/fltx",
"FLEX","Flextronics International Ltd.","9.75","5423975358.75","n/a","1994","Technology","Electrical Products","http://www.nasdaq.com/symbol/flex",
"FORM","FormFactor, Inc.","7.65","444925644.75","n/a","2003","Technology","Semiconductors","http://www.nasdaq.com/symbol/form",
"FORTY","Formula Systems (1985) Ltd.","26.23","5766167.13","219831","n/a","Technology","EDP Services","http://www.nasdaq.com/symbol/forty",
"FTNT","Fortinet, Inc.","28.38","4888853682.24","n/a","2009","Technology","Computer peripheral equipment","http://www.nasdaq.com/symbol/ftnt",
"FSNN","Fusion Telecommunications International, Inc.","2.29","20819074.71","n/a","n/a","Technology","Computer Software: Prepackaged Software","http://www.nasdaq.com/symbol/fsnn",
"JOB","General Employment Enterprises, Inc.","5.09","47114622.99","n/a","n/a","Technology","Diversified Commercial Services","http://www.nasdaq.com/symbol/job",
"GIGM","GigaMedia Limited","2.4","26525596.8","n/a","n/a","Technology","Computer Software: Programming, Data Processing","http://www.nasdaq.com/symbol/gigm",
"GIMO","Gigamon Inc.","22.4","762105702.4","n/a","2013","Technology","EDP Services","http://www.nasdaq.com/symbol/gimo",
"GIG","GigOptix, Inc.","2.86","126193470.26","n/a","n/a","Technology","Semiconductors","http://www.nasdaq.com/symbol/gig",
"GILT","Gilat Satellite Networks Ltd.","3.375","149484308.625","n/a","n/a","Technology","Radio And Television Broadcasting And Communications Equipment","http://www.nasdaq.com/symbol/gilt",
"GSB","GlobalSCAPE, Inc.","3.76","80159315.92","n/a","n/a","Technology","Computer Software: Prepackaged Software","http://www.nasdaq.com/symbol/gsb",
"GLOB","Globant S.A.","32.3","1077048603.4","n/a","2014","Technology","EDP Services","http://www.nasdaq.com/symbol/glob",
"GLUU","Glu Mobile Inc.","2.12","278270375.32","n/a","2007","Technology","EDP Services","http://www.nasdaq.com/symbol/gluu",
"GDDY","GoDaddy Inc.","29.55","4607053209.3","n/a","2015","Technology","EDP Services","http://www.nasdaq.com/symbol/gddy",
"GHM","Graham Corporation","14.92","148447927.56","n/a","n/a","Technology","Industrial Machinery/Components","http://www.nasdaq.com/symbol/ghm",
"GRPN","Groupon, Inc.","2.55","1566440897.4","n/a","2011","Technology","Advertising","http://www.nasdaq.com/symbol/grpn",
"GVP","GSE Systems, Inc.","2.11","37764482.49","n/a","n/a","Technology","Computer Software: Prepackaged Software","http://www.nasdaq.com/symbol/gvp",
"GSIT","GSI Technology, Inc.","3.34","75595773.1","n/a","2007","Technology","Semiconductors","http://www.nasdaq.com/symbol/gsit",
"GUID","Guidance Software, Inc.","5.32","162861160","n/a","2006","Technology","Computer Software: Prepackaged Software","http://www.nasdaq.com/symbol/guid",
"GWRE","Guidewire Software, Inc.","53.46","3821945907.78","n/a","2012","Technology","Computer Software: Prepackaged Software","http://www.nasdaq.com/symbol/gwre",
"HQCL","Hanwha Q CELLS Co., Ltd. ","17.05","93801001.25","5501525","n/a","Technology","Semiconductors","http://www.nasdaq.com/symbol/hqcl",
"HLIT","Harmonic Inc.","3.33","289951961.13","n/a","1995","Technology","Radio And Television Broadcasting And Communications Equipment","http://www.nasdaq.com/symbol/hlit",
"HHS","Harte-Hanks, Inc.","2.66","162924734","n/a","1993","Technology","Advertising","http://www.nasdaq.com/symbol/hhs",
"HSTM","HealthStream, Inc.","19.44","615196937.52","n/a","2000","Technology","Computer Software: Programming, Data Processing","http://www.nasdaq.com/symbol/hstm",
"HSII","Heidrick & Struggles International, Inc.","26.69","490663515.24","n/a","1999","Technology","Diversified Commercial Services","http://www.nasdaq.com/symbol/hsii",
"HPE","Hewlett Packard Enterprise Company","12.75","22217131606.5","n/a","2015","Technology","Computer Manufacturing","http://www.nasdaq.com/symbol/hpe",
"HIMX","Himax Technologies, Inc.","6.95","740364026.1","106527198","2006","Technology","Semiconductors","http://www.nasdaq.com/symbol/himx",
"HDP","Hortonworks, Inc.","16.61","767871696.02","n/a","2014","Technology","Computer Software: Prepackaged Software","http://www.nasdaq.com/symbol/hdp",
"HPQ","HP Inc.","10.58","18957755712.28","n/a","n/a","Technology","Computer Manufacturing","http://www.nasdaq.com/symbol/hpq",
"HUBS","HubSpot, Inc.","49.94","1702785152.86","n/a","2014","Technology","Computer Software: Prepackaged Software","http://www.nasdaq.com/symbol/hubs",
"HSON","Hudson Global, Inc.","2.82","97487473.32","n/a","n/a","Technology","Professional Services","http://www.nasdaq.com/symbol/hson",
"INVE","Identiv, Inc.","1.72","18484686.92","n/a","n/a","Technology","Computer peripheral equipment","http://www.nasdaq.com/symbol/inve",
"DSKY","iDreamSky Technology Limited","13.09","213781062.88","16331632","2014","Technology","Computer Software: Prepackaged Software","http://www.nasdaq.com/symbol/dsky",
"IEC","IEC Electronics Corp.","3.2","32645568","n/a","n/a","Technology","Electrical Products","http://www.nasdaq.com/symbol/iec",
"IHS","IHS Inc.","103.72","7071476509.28","n/a","2005","Technology","Computer Software: Programming, Data Processing","http://www.nasdaq.com/symbol/ihs",
"ITW","Illinois Tool Works Inc.","82.48","29980801519.52","n/a","n/a","Technology","Industrial Machinery/Components","http://www.nasdaq.com/symbol/itw",
"IMN","Imation Corporation","1.11","41176191.48","n/a","n/a","Technology","Electronic Components","http://www.nasdaq.com/symbol/imn",
"IMMR","Immersion Corporation","8","226279848","n/a","1999","Technology","Computer peripheral equipment","http://www.nasdaq.com/symbol/immr",
"IMPV","Imperva, Inc.","57.86","1818446703.26","n/a","2011","Technology","Computer Software: Prepackaged Software","http://www.nasdaq.com/symbol/impv",
"IMPR","Imprivata, Inc.","10.76","269064958.12","n/a","2014","Technology","Computer Software: Prepackaged Software","http://www.nasdaq.com/symbol/impr",
"IMS","IMS Health Holdings, Inc.","23.56","7741622148.32","n/a","2014","Technology","EDP Services","http://www.nasdaq.com/symbol/ims",
"SAAS","inContact, Inc.","8.5","524285669.5","n/a","n/a","Technology","Computer Software: Prepackaged Software","http://www.nasdaq.com/symbol/saas",
"BLOX","Infoblox Inc.","15.46","925240216.52","n/a","2012","Technology","EDP Services","http://www.nasdaq.com/symbol/blox",
"INFY","Infosys Limited","16.46","37621294994.8","n/a","n/a","Technology","EDP Services","http://www.nasdaq.com/symbol/infy",
"IM","Ingram Micro Inc.","27.51","4117938695.43","n/a","1996","Technology","Retail: Computer Software & Peripheral Equipment","http://www.nasdaq.com/symbol/im",
"INOD","Innodata Inc.","2.45","62436463.95","n/a","1993","Technology","EDP Services","http://www.nasdaq.com/symbol/inod",
"ISSC","Innovative Solutions and Support, Inc.","2.63","44419747.94","n/a","2000","Technology","EDP Services","http://www.nasdaq.com/symbol/issc",
"INOV","Inovalon Holdings, Inc.","17.25","2602688038.5","n/a","2015","Technology","EDP Services","http://www.nasdaq.com/symbol/inov",
"IPHI","Inphi Corporation","25.09","984556865.63","n/a","2010","Technology","Semiconductors","http://www.nasdaq.com/symbol/iphi",
"NSP","Insperity, Inc.","42.63","1042591508.28","n/a","n/a","Technology","Professional Services","http://www.nasdaq.com/symbol/nsp",
"INST","Instructure, Inc.","19.62","520627804.92","n/a","2015","Technology","Computer Software: Prepackaged Software","http://www.nasdaq.com/symbol/inst",
"IDTI","Integrated Device Technology, Inc.","23.81","3493528226.31","n/a","1984","Technology","Semiconductors","http://www.nasdaq.com/symbol/idti",
"INTC","Intel Corporation","31.91","150583290000","n/a","n/a","Technology","Semiconductors","http://www.nasdaq.com/symbol/intc",
"IDN","Intellicheck Mobilisa, Inc.","1.09","10768007.54","n/a","1999","Technology","Computer Software: Prepackaged Software","http://www.nasdaq.com/symbol/idn",
"ININ","Interactive Intelligence Group, Inc.","23.2","503459372","n/a","1999","Technology","Computer Software: Prepackaged Software","http://www.nasdaq.com/symbol/inin",
"IMI","Intermolecular, Inc.","2.08","101755168.32","n/a","2011","Technology","Semiconductors","http://www.nasdaq.com/symbol/imi",
"INAP","Internap Corporation","3.95","221343132.2","n/a","1999","Technology","Computer Software: Programming, Data Processing","http://www.nasdaq.com/symbol/inap",
"IBM","International Business Machines Corporation","131.17","127249345227.42","n/a","n/a","Technology","Computer Manufacturing","http://www.nasdaq.com/symbol/ibm",
"IIJI","Internet Initiative Japan, Inc.","9.78","20547740.88","2100996","n/a","Technology","Computer Software: Programming, Data Processing","http://www.nasdaq.com/symbol/iiji",
"IPG","Interpublic Group of Companies, Inc. (The)","21.68","8809625008.56","n/a","n/a","Technology","Advertising","http://www.nasdaq.com/symbol/ipg",
"INTX","Intersections, Inc.","2.44","49302952.32","n/a","2004","Technology","EDP Services","http://www.nasdaq.com/symbol/intx",
"ISIL","Intersil Corporation","11.37","1506733059.63","n/a","2000","Technology","Semiconductors","http://www.nasdaq.com/symbol/isil",
"INXN","InterXion Holding N.V.","28.73","2000699740","n/a","2011","Technology","Computer Software: Programming, Data Processing","http://www.nasdaq.com/symbol/inxn",
"IVAC","Intevac, Inc.","4.46","97444840.74","n/a","1995","Technology","Industrial Machinery/Components","http://www.nasdaq.com/symbol/ivac",
"IL","IntraLinks Holdings, Inc.","8.19","477231218.1","n/a","2010","Technology","Computer Software: Prepackaged Software","http://www.nasdaq.com/symbol/il",
"INTU","Intuit Inc.","91.7","24209197061","n/a","1993","Technology","Computer Software: Prepackaged Software","http://www.nasdaq.com/symbol/intu",
"INVN","InvenSense, Inc.","7.84","721617120","n/a","2011","Technology","Semiconductors","http://www.nasdaq.com/symbol/invn",
"IPAS","iPass Inc.","0.92","59359215.12","n/a","2003","Technology","EDP Services","http://www.nasdaq.com/symbol/ipas",
"IPGP","IPG Photonics Corporation","81.35","4293760544.7","n/a","2006","Technology","Semiconductors","http://www.nasdaq.com/symbol/ipgp",
"IXYS","IXYS Corporation","10.57","332535487.27","n/a","n/a","Technology","Semiconductors","http://www.nasdaq.com/symbol/ixys",
"JCOM","j2 Global, Inc.","73.59","3570819638.76","n/a","1999","Technology","Telecommunications Equipment","http://www.nasdaq.com/symbol/jcom",
"JASO","JA Solar Holdings, Co., Ltd.","8.43","339612682.86","40286202","2007","Technology","Semiconductors","http://www.nasdaq.com/symbol/jaso",
"JBL","Jabil Circuit, Inc.","19.65","3744298854","n/a","1993","Technology","Electrical Products","http://www.nasdaq.com/symbol/jbl",
"JKHY","Jack Henry & Associates, Inc.","75.78","6057029319.84","n/a","1985","Technology","EDP Services","http://www.nasdaq.com/symbol/jkhy",
"DATE","Jiayuan.com International Ltd.","7.35","94691196.6","12883156","2011","Technology","EDP Services","http://www.nasdaq.com/symbol/date",
"JKS","JinkoSolar Holding Company Limited","20.43","637289477.01","n/a","2010","Technology","Semiconductors","http://www.nasdaq.com/symbol/jks",
"JIVE","Jive Software, Inc.","3.65","276999219.05","n/a","2011","Technology","EDP Services","http://www.nasdaq.com/symbol/jive",
"JBT","John Bean Technologies Corporation","43.16","1257633283.92","n/a","n/a","Technology","Industrial Machinery/Components","http://www.nasdaq.com/symbol/jbt",
"JNPR","Juniper Networks, Inc.","25.66","9900968298.78","n/a","1999","Technology","Computer Communications Equipment","http://www.nasdaq.com/symbol/jnpr",
"KAI","Kadant Inc","36.26","390875801.82","n/a","n/a","Technology","Industrial Machinery/Components","http://www.nasdaq.com/symbol/kai",
"KELYA","Kelly Services, Inc.","15.09","573144758.4","n/a","n/a","Technology","Professional Services","http://www.nasdaq.com/symbol/kelya",
"KELYB","Kelly Services, Inc.","16","607708160","n/a","n/a","Technology","Professional Services","http://www.nasdaq.com/symbol/kelyb",
"KTEC","Key Technology, Inc.","8.69","54416632.27","n/a","1993","Technology","Industrial Machinery/Components","http://www.nasdaq.com/symbol/ktec",
"KTCC","Key Tronic Corporation","7.05","75509772.3","n/a","1983","Technology","Computer peripheral equipment","http://www.nasdaq.com/symbol/ktcc",
"KFRC","Kforce, Inc.","21.98","635679008.16","n/a","1995","Technology","Professional Services","http://www.nasdaq.com/symbol/kfrc",
"KE","Kimball Electronics, Inc.","9.37","275030198.33","n/a","n/a","Technology","Electrical Products","http://www.nasdaq.com/symbol/ke",
"KING","King Digital Entertainment plc","17.89","5652178389.51","n/a","2014","Technology","Computer Software: Prepackaged Software","http://www.nasdaq.com/symbol/king",
"KONE","Kingtone Wirelessinfo Solution Holding Ltd","3.2005","2286357.1875","714375","2010","Technology","EDP Services","http://www.nasdaq.com/symbol/kone",
"KZ","KongZhong Corporation","6.99","246077861.28","35204272","n/a","Technology","Telecommunications Equipment","http://www.nasdaq.com/symbol/kz",
"KOPN","Kopin Corporation","2.2","146229294.2","n/a","1992","Technology","Semiconductors","http://www.nasdaq.com/symbol/kopn",
"KFY","Korn/Ferry International","30.15","1546368234.3","n/a","1999","Technology","Diversified Commercial Services","http://www.nasdaq.com/symbol/kfy",
"KLIC","Kulicke and Soffa Industries, Inc.","9.88","698464347.36","n/a","n/a","Technology","Semiconductors","http://www.nasdaq.com/symbol/klic",
"KVHI","KVH Industries, Inc.","8.56","137947704.16","n/a","1996","Technology","Radio And Television Broadcasting And Communications Equipment","http://www.nasdaq.com/symbol/kvhi",
"KYO","Kyocera Corporation","43.48","15951046494.6","n/a","n/a","Technology","Semiconductors","http://www.nasdaq.com/symbol/kyo",
"LLL","L-3 Communications Holdings, Inc.","114.18","8950311125.58","n/a","n/a","Technology","Radio And Television Broadcasting And Communications Equipment","http://www.nasdaq.com/symbol/lll",
"LRCX","Lam Research Corporation","69.08","10941753416.44","n/a","1984","Technology","Industrial Machinery/Components","http://www.nasdaq.com/symbol/lrcx",
"LTRX","Lantronix, Inc.","1.1232","16965610.272","n/a","2000","Technology","Computer Communications Equipment","http://www.nasdaq.com/symbol/ltrx",
"LSCC","Lattice Semiconductor Corporation","4.705","554743481.385","n/a","n/a","Technology","Semiconductors","http://www.nasdaq.com/symbol/lscc",
"LDOS","Leidos Holdings, Inc.","53.75","3875007403.75","n/a","n/a","Technology","EDP Services","http://www.nasdaq.com/symbol/ldos",
"LXK","Lexmark International, Inc.","28.67","1772218876.67","n/a","1995","Technology","Computer Manufacturing","http://www.nasdaq.com/symbol/lxk",
"LTRPA","Liberty TripAdvisor Holdings, Inc.","24.69","1847250741.3","n/a","n/a","Technology","EDP Services","http://www.nasdaq.com/symbol/ltrpa",
"LTRPB","Liberty TripAdvisor Holdings, Inc.","25.75","1926557577.5","n/a","n/a","Technology","EDP Services","http://www.nasdaq.com/symbol/ltrpb",
"LOCK","LifeLock, Inc.","13.18","1258891232.24","n/a","2012","Technology","EDP Services","http://www.nasdaq.com/symbol/lock",
"LPTH","LightPath Technologies, Inc.","2.86","43585756.5","n/a","1996","Technology","Semiconductors","http://www.nasdaq.com/symbol/lpth",
"LECO","Lincoln Electric Holdings, Inc.","48.48","3512842910.88","n/a","n/a","Technology","Industrial Machinery/Components","http://www.nasdaq.com/symbol/leco",
"LLTC","Linear Technology Corporation","38.9","9302742795.1","n/a","1986","Technology","Semiconductors","http://www.nasdaq.com/symbol/lltc",
"LNKD","LinkedIn Corporation","203.13","26627593838.58","n/a","2011","Technology","Computer Software: Programming, Data Processing","http://www.nasdaq.com/symbol/lnkd",
"LIQT","LiqTech International, Inc.","0.87","34392870.45","n/a","n/a","Technology","Industrial Machinery/Components","http://www.nasdaq.com/symbol/liqt",
"LIVE","Live Ventures Incorporated","1.29","21802751.82","n/a","n/a","Technology","EDP Services","http://www.nasdaq.com/symbol/live",
"LPSN","LivePerson, Inc.","5.93","339839932.77","n/a","2000","Technology","Computer Software: Prepackaged Software","http://www.nasdaq.com/symbol/lpsn",
"LOGI","Logitech International S.A.","13.59","2206760195.43","n/a","1997","Technology","Computer peripheral equipment","http://www.nasdaq.com/symbol/logi",
"LOGM","LogMein, Inc.","54.85","1374607313.65","n/a","2009","Technology","Computer Software: Prepackaged Software","http://www.nasdaq.com/symbol/logm",
"LORL","Loral Space and Communications, Inc.","34.25","1059446721.75","n/a","n/a","Technology","Radio And Television Broadcasting And Communications Equipment","http://www.nasdaq.com/symbol/lorl",
"LXFT","Luxoft Holding, Inc.","68.78","2262351446.06","n/a","2013","Technology","EDP Services","http://www.nasdaq.com/symbol/lxft",
"MTSI","M/A-COM Technology Solutions Holdings, Inc.","36.11","1916474913.06","n/a","2012","Technology","Semiconductors","http://www.nasdaq.com/symbol/mtsi",
"MGIC","Magic Software Enterprises Ltd.","5.73","253118263.41","n/a","1991","Technology","Computer Software: Prepackaged Software","http://www.nasdaq.com/symbol/mgic",
"MX","MagnaChip Semiconductor Corporation","3.72","128596464.24","n/a","2011","Technology","Semiconductors","http://www.nasdaq.com/symbol/mx",
"MNGA","MagneGas Corporation","1.39","57289618.67","n/a","n/a","Technology","Industrial Machinery/Components","http://www.nasdaq.com/symbol/mnga",
"MJCO","Majesco","6.29","229279035.53","n/a","2015","Technology","Computer Software: Prepackaged Software","http://www.nasdaq.com/symbol/mjco",
"COOL","Majesco Entertainment Company","1.47","14208580.47","n/a","n/a","Technology","Computer Software: Prepackaged Software","http://www.nasdaq.com/symbol/cool",
"MAMS","MAM Software Group, Inc.","6.6","95270254.2","n/a","n/a","Technology","Computer Software: Prepackaged Software","http://www.nasdaq.com/symbol/mams",
"MANH","Manhattan Associates, Inc.","54.75","4000269494.25","n/a","1998","Technology","Computer Software: Prepackaged Software","http://www.nasdaq.com/symbol/manh",
"MNTX","Manitex International, Inc.","5.04","80713553.76","n/a","n/a","Technology","Industrial Machinery/Components","http://www.nasdaq.com/symbol/mntx",
"MAN","ManpowerGroup","74.35","5473336291.35","n/a","n/a","Technology","Professional Services","http://www.nasdaq.com/symbol/man",
"MRIN","Marin Software Incorporated","2.92","108280780.28","n/a","2013","Technology","EDP Services","http://www.nasdaq.com/symbol/mrin",
"MKTO","Marketo, Inc.","22.28","964748552.56","n/a","2013","Technology","Computer Software: Prepackaged Software","http://www.nasdaq.com/symbol/mkto",
"MRVL","Marvell Technology Group Ltd.","8.29","4290904000","n/a","2000","Technology","Semiconductors","http://www.nasdaq.com/symbol/mrvl",
"MTCH","Match Group, Inc.","13.295","3234045111.825","n/a","2015","Technology","Computer Software: Programming, Data Processing","http://www.nasdaq.com/symbol/mtch",
"MTLS","Materialise NV","6.3","78258020.4","12421908","2014","Technology","Computer Software: Prepackaged Software","http://www.nasdaq.com/symbol/mtls",
"MATR","Mattersight Corporation","5.15","132909830.1","n/a","n/a","Technology","EDP Services","http://www.nasdaq.com/symbol/matr",
"MTSN","Mattson Technology, Inc.","3.42","257236336.26","n/a","1994","Technology","Industrial Machinery/Components","http://www.nasdaq.com/symbol/mtsn",
"MXIM","Maxim Integrated Products, Inc.","32.11","9126307828.43","n/a","1988","Technology","Semiconductors","http://www.nasdaq.com/symbol/mxim",
"MXL","MaxLinear, Inc","15.1","929891325.7","n/a","2010","Technology","Semiconductors","http://www.nasdaq.com/symbol/mxl",
"MGRC","McGrath RentCorp","22.82","545060720.4","n/a","1984","Technology","Diversified Commercial Services","http://www.nasdaq.com/symbol/mgrc",
"MDCA","MDC Partners Inc.","18.24","910816132.8","n/a","n/a","Technology","Advertising","http://www.nasdaq.com/symbol/mdca",
"MDAS","MedAssets, Inc.","30.87","1830199352.31","n/a","2007","Technology","Computer Software: Prepackaged Software","http://www.nasdaq.com/symbol/mdas",
"MTBC","Medical Transcription Billing, Corp.","1.01","11176746.86","n/a","2014","Technology","Computer Software: Prepackaged Software","http://www.nasdaq.com/symbol/mtbc",
"MTBCP","Medical Transcription Billing, Corp.","24.85","0","n/a","n/a","Technology","Computer Software: Prepackaged Software","http://www.nasdaq.com/symbol/mtbcp",
"MDSO","Medidata Solutions, Inc.","42.89","2374771820.77","n/a","2009","Technology","Computer Software: Prepackaged Software","http://www.nasdaq.com/symbol/mdso",
"MLNX","Mellanox Technologies, Ltd.","41.46","1940703005.7","n/a","2007","Technology","Semiconductors","http://www.nasdaq.com/symbol/mlnx",
"MENT","Mentor Graphics Corporation","16.24","1907872958.88","n/a","1984","Technology","EDP Services","http://www.nasdaq.com/symbol/ment",
"MCHP","Microchip Technology Incorporated","41.31","8390983576.23","n/a","1993","Technology","Semiconductors","http://www.nasdaq.com/symbol/mchp",
"MU","Micron Technology, Inc.","12.06","12511718105.76","n/a","n/a","Technology","Semiconductors","http://www.nasdaq.com/symbol/mu",
"MSCC","Microsemi Corporation","30.98","2980412064.16","n/a","n/a","Technology","Semiconductors","http://www.nasdaq.com/symbol/mscc",
"MSFT","Microsoft Corporation","51.64","412495835169.28","n/a","1986","Technology","Computer Software: Prepackaged Software","http://www.nasdaq.com/symbol/msft",
"MSTR","MicroStrategy Incorporated","150.34","1708582077.58","n/a","1998","Technology","Computer Software: Prepackaged Software","http://www.nasdaq.com/symbol/mstr",
"MCRN","Milacron Holdings Corp.","13.69","921394196.82","n/a","2015","Technology","Industrial Machinery/Components","http://www.nasdaq.com/symbol/mcrn",
"MIME","Mimecast Limited","8.17","441201225.66","n/a","2015","Technology","Computer Software: Prepackaged Software","http://www.nasdaq.com/symbol/mime",
"MNDO","MIND C.T.I. Ltd.","2.4016","46096113.4688","n/a","n/a","Technology","EDP Services","http://www.nasdaq.com/symbol/mndo",
"MB","MINDBODY, Inc.","13.77","539946513.54","n/a","2015","Technology","EDP Services","http://www.nasdaq.com/symbol/mb",
"MIND","Mitcham Industries, Inc.","2.81","33974237.56","n/a","1994","Technology","Diversified Commercial Services","http://www.nasdaq.com/symbol/mind",
"MITK","Mitek Systems, Inc.","4.2","133798492.8","n/a","n/a","Technology","Computer peripheral equipment","http://www.nasdaq.com/symbol/mitk",
"MITL","Mitel Networks Corporation","6.57","793432928.79","n/a","n/a","Technology","Radio And Television Broadcasting And Communications Equipment","http://www.nasdaq.com/symbol/mitl",
"MIXT","MiX Telematics Limited","3.92","124316998.4","n/a","2013","Technology","Computer Software: Prepackaged Software","http://www.nasdaq.com/symbol/mixt",
"MOBL","MobileIron, Inc.","3.67","294724877.02","n/a","2014","Technology","Computer Software: Prepackaged Software","http://www.nasdaq.com/symbol/mobl",
"MBLY","Mobileye N.V.","33.85","7335138037.55","n/a","2014","Technology","Computer Software: Prepackaged Software","http://www.nasdaq.com/symbol/mbly",
"MODN","Model N, Inc.","10.29","274401680.7","n/a","2013","Technology","Computer Software: Programming, Data Processing","http://www.nasdaq.com/symbol/modn",
"MDSY","ModSys International Ltd.","2.2755","40814451.138","n/a","n/a","Technology","EDP Services","http://www.nasdaq.com/symbol/mdsy",
"MOKO","Moko Social Media Ltd.","0.7086","1063588.0506","1500971","2014","Technology","Computer Software: Programming, Data Processing","http://www.nasdaq.com/symbol/moko",
"MOMO","Momo Inc.","13.6","576247830.4","42371164","2014","Technology","Computer Software: Prepackaged Software","http://www.nasdaq.com/symbol/momo",
"MPWR","Monolithic Power Systems, Inc.","58.19","2299624750.17","n/a","2004","Technology","Semiconductors","http://www.nasdaq.com/symbol/mpwr",
"TYPE","Monotype Imaging Holdings Inc.","21.97","876734841.97","n/a","2007","Technology","EDP Services","http://www.nasdaq.com/symbol/type",
"MWW","Monster Worldwide, Inc.","4.91","448233021.11","n/a","n/a","Technology","Professional Services","http://www.nasdaq.com/symbol/mww",
"MOSY","MoSys, Inc.","0.99","64840757.85","n/a","2001","Technology","Semiconductors","http://www.nasdaq.com/symbol/mosy",
"MSI","Motorola Solutions, Inc.","63.37","11188713027.9","n/a","n/a","Technology","Radio And Television Broadcasting And Communications Equipment","http://www.nasdaq.com/symbol/msi",
"MRVC","MRV Communications, Inc.","10.7","74679505.1","n/a","1992","Technology","Semiconductors","http://www.nasdaq.com/symbol/mrvc",
"MFLX","Multi-Fineline Electronix, Inc.","12.86","313724098.12","n/a","2004","Technology","Electrical Products","http://www.nasdaq.com/symbol/mflx",
"NATI","National Instruments Corporation","27.84","3543924621.12","n/a","1995","Technology","Computer Software: Prepackaged Software","http://www.nasdaq.com/symbol/nati",
"NCIT","NCI, Inc.","13.66","182443847.9","n/a","2005","Technology","EDP Services","http://www.nasdaq.com/symbol/ncit",
"NEFF","Neff Corporation","5.29","134608366.64","n/a","2014","Technology","Diversified Commercial Services","http://www.nasdaq.com/symbol/neff",
"NPTN","NeoPhotonics Corporation","8.51","344853504.26","n/a","2011","Technology","Semiconductors","http://www.nasdaq.com/symbol/nptn",
"NETE","Net Element, Inc.","0.1739","13912198.7677","n/a","n/a","Technology","EDP Services","http://www.nasdaq.com/symbol/nete",
"NTAP","NetApp, Inc.","22.52","6583590212.96","n/a","1995","Technology","Electronic Components","http://www.nasdaq.com/symbol/ntap",
"NLST","Netlist, Inc.","0.7","35248054.1","n/a","2006","Technology","Semiconductors","http://www.nasdaq.com/symbol/nlst",
"NTCT","NetScout Systems, Inc.","25.83","2560577235.3","n/a","1999","Technology","EDP Services","http://www.nasdaq.com/symbol/ntct",
"NTWK","NetSol Technologies Inc.","6.56","67717738.56","n/a","n/a","Technology","Computer Software: Prepackaged Software","http://www.nasdaq.com/symbol/ntwk",
"N","Netsuite Inc","73.45","5838434658.55","n/a","2007","Technology","Computer Software: Prepackaged Software","http://www.nasdaq.com/symbol/n",
"NTIP","Network-1 Technologies, Inc.","2.05","47598029.55","n/a","n/a","Technology","Computer Software: Prepackaged Software","http://www.nasdaq.com/symbol/ntip",
"NEWR","New Relic, Inc.","32.59","1586777606.05","n/a","2014","Technology","Computer Software: Prepackaged Software","http://www.nasdaq.com/symbol/newr",
"NICE","NICE-Systems Limited","55.68","2065771207.68","37100776","n/a","Technology","Computer Manufacturing","http://www.nasdaq.com/symbol/nice",
"NMBL","Nimble Storage, Inc.","7.23","584184000","n/a","2013","Technology","Electronic Components","http://www.nasdaq.com/symbol/nmbl",
"NOK","Nokia Corporation","7.28","26780512966.48","n/a","1994","Technology","Radio And Television Broadcasting And Communications Equipment","http://www.nasdaq.com/symbol/nok",
"NQ","NQ Mobile Inc.","3.15","273015209.25","n/a","2011","Technology","Computer Software: Prepackaged Software","http://www.nasdaq.com/symbol/nq",
"DCM","NTT DOCOMO, Inc","20.88","81045381994.56","n/a","n/a","Technology","Radio And Television Broadcasting And Communications Equipment","http://www.nasdaq.com/symbol/dcm",
"NUAN","Nuance Communications, Inc.","18.54","5740571755.08","n/a","n/a","Technology","Computer Software: Prepackaged Software","http://www.nasdaq.com/symbol/nuan",
"NVEC","NVE Corporation","49.01","237445853.45","n/a","n/a","Technology","Semiconductors","http://www.nasdaq.com/symbol/nvec",
"NVDA","NVIDIA Corporation","29.26","15741880000","n/a","1999","Technology","Semiconductors","http://www.nasdaq.com/symbol/nvda",
"NXPI","NXP Semiconductors N.V.","74.25","25360181574.75","n/a","2010","Technology","Semiconductors","http://www.nasdaq.com/symbol/nxpi",
"OIIM","O2Micro International Limited","1.35","44831464.2","33208492","n/a","Technology","Semiconductors","http://www.nasdaq.com/symbol/oiim",
"OCLR","Oclaro, Inc.","3.45","382109331.6","n/a","n/a","Technology","Semiconductors","http://www.nasdaq.com/symbol/oclr",
"OMCL","Omnicell, Inc.","26.51","939196120.94","n/a","2001","Technology","Computer Manufacturing","http://www.nasdaq.com/symbol/omcl",
"OMC","Omnicom Group Inc.","69.25","16776172946.25","n/a","n/a","Technology","Advertising","http://www.nasdaq.com/symbol/omc",
"OVTI","OmniVision Technologies, Inc.","28.7","1720377876","n/a","2000","Technology","Semiconductors","http://www.nasdaq.com/symbol/ovti",
"ASGN","On Assignment, Inc.","36.27","1915016320.62","n/a","1992","Technology","Professional Services","http://www.nasdaq.com/symbol/asgn",
"ON","ON Semiconductor Corporation","8.3","3425427089.7","n/a","n/a","Technology","Semiconductors","http://www.nasdaq.com/symbol/on",
"OTIV","On Track Innovations Ltd","0.3499","14288507.3026","n/a","n/a","Technology","Semiconductors","http://www.nasdaq.com/symbol/otiv",
"OOMA","Ooma, Inc.","6.37","107293846.66","n/a","2015","Technology","EDP Services","http://www.nasdaq.com/symbol/ooma",
"OTEX","Open Text Corporation","45.01","5449936377.9","n/a","1996","Technology","EDP Services","http://www.nasdaq.com/symbol/otex",
"OPWR","Opower, Inc.","9.94","515072321.54","n/a","2014","Technology","Computer Software: Prepackaged Software","http://www.nasdaq.com/symbol/opwr",
"ORCL","Oracle Corporation","34.08","143177577600","n/a","1986","Technology","Computer Software: Prepackaged Software","http://www.nasdaq.com/symbol/orcl",
"OSIS","OSI Systems, Inc.","80.69","1591376087.62","n/a","1997","Technology","Semiconductors","http://www.nasdaq.com/symbol/osis",
"PFIN","P & F Industries, Inc.","8.02","29007297.4","n/a","n/a","Technology","Industrial Machinery/Components","http://www.nasdaq.com/symbol/pfin",
"PANW","Palo Alto Networks, Inc.","154","13229977992","n/a","2012","Technology","Computer peripheral equipment","http://www.nasdaq.com/symbol/panw",
"PCYG","Park City Group, Inc.","9.56","183119113.64","n/a","n/a","Technology","EDP Services","http://www.nasdaq.com/symbol/pcyg",
"PKE","Park Electrochemical Corporation","14.17","286991684.07","n/a","n/a","Technology","Electrical Products","http://www.nasdaq.com/symbol/pke",
"PRKR","ParkerVision, Inc.","0.25","24720590.5","n/a","1993","Technology","Radio And Television Broadcasting And Communications Equipment","http://www.nasdaq.com/symbol/prkr",
"PAYC","Paycom Software, Inc.","30.9","1826348918.7","n/a","2014","Technology","Computer Software: Prepackaged Software","http://www.nasdaq.com/symbol/payc",
"PCTY","Paylocity Holding Corporation","33.71","1713653243.6","n/a","2014","Technology","Computer Software: Prepackaged Software","http://www.nasdaq.com/symbol/pcty",
"PCTI","PC-Tel, Inc.","4.59","80859835.98","n/a","1999","Technology","Radio And Television Broadcasting And Communications Equipment","http://www.nasdaq.com/symbol/pcti",
"PDFS","PDF Solutions, Inc.","8.99","282564797.88","n/a","2001","Technology","EDP Services","http://www.nasdaq.com/symbol/pdfs",
"PEGA","Pegasystems Inc.","24.25","1853211626.5","n/a","1996","Technology","EDP Services","http://www.nasdaq.com/symbol/pega",
"PNR","Pentair plc.","45.07","7227136166.09","n/a","n/a","Technology","Industrial Machinery/Components","http://www.nasdaq.com/symbol/pnr",
"PRFT","Perficient, Inc.","16.32","576448152.96","n/a","1999","Technology","EDP Services","http://www.nasdaq.com/symbol/prft",
"PERI","Perion Network Ltd","2.55","181711549.05","n/a","n/a","Technology","EDP Services","http://www.nasdaq.com/symbol/peri",
"PLAB","Photronics, Inc.","11.89","796426324.3","n/a","1987","Technology","Semiconductors","http://www.nasdaq.com/symbol/plab",
"PXLW","Pixelworks, Inc.","2.05","56625676.05","n/a","2000","Technology","Semiconductors","http://www.nasdaq.com/symbol/pxlw",
"PLXS","Plexus Corp.","30.88","1032009600","n/a","n/a","Technology","Electrical Products","http://www.nasdaq.com/symbol/plxs",
"PMCS","PMC - Sierra, Inc.","11.59","2303617482.22","n/a","n/a","Technology","Semiconductors","http://www.nasdaq.com/symbol/pmcs",
"PNTR","Pointer Telocation Ltd.","5.504","42388720.256","n/a","n/a","Technology","Radio And Television Broadcasting And Communications Equipment","http://www.nasdaq.com/symbol/pntr",
"POWI","Power Integrations, Inc.","43.35","1232453721.75","n/a","1997","Technology","Semiconductors","http://www.nasdaq.com/symbol/powi",
"IPDN","Professional Diversity Network, Inc.","0.42","6146203.98","n/a","2013","Technology","Computer Software: Programming, Data Processing","http://www.nasdaq.com/symbol/ipdn",
"PRGS","Progress Software Corporation","23.2","1165006513.6","n/a","1991","Technology","Computer Software: Prepackaged Software","http://www.nasdaq.com/symbol/prgs",
"PFPT","Proofpoint, Inc.","59.45","2400989017.75","n/a","2012","Technology","EDP Services","http://www.nasdaq.com/symbol/pfpt",
"PRO","PROS Holdings, Inc.","18.99","563952391.65","n/a","2007","Technology","EDP Services","http://www.nasdaq.com/symbol/pro",
"PSTG","PROTOSTAR I LTD","13.77","2618233308","n/a","2015","Technology","Electronic Components","http://www.nasdaq.com/symbol/pstg",
"PTC","PTC Inc.","30.06","3442755627.72","n/a","n/a","Technology","Computer Software: Prepackaged Software","http://www.nasdaq.com/symbol/ptc",
"QTWO","Q2 Holdings, Inc.","22.04","853278291.44","n/a","2014","Technology","Computer Software: Prepackaged Software","http://www.nasdaq.com/symbol/qtwo",
"QADA","QAD Inc.","19.3","362260305.2","n/a","n/a","Technology","Computer Software: Prepackaged Software","http://www.nasdaq.com/symbol/qada",
"QADB","QAD Inc.","17.93","336545454.52","n/a","n/a","Technology","Computer Software: Prepackaged Software","http://www.nasdaq.com/symbol/qadb",
"QIHU","Qihoo 360 Technology Co. Ltd.","70.04","9031253168.8","n/a","2011","Technology","EDP Services","http://www.nasdaq.com/symbol/qihu",
"QLIK","Qlik Technologies Inc.","28","2604310940","n/a","2010","Technology","Computer Software: Prepackaged Software","http://www.nasdaq.com/symbol/qlik",
"QLGC","QLogic Corporation","11.58","970820880","n/a","n/a","Technology","Computer Communications Equipment","http://www.nasdaq.com/symbol/qlgc",
"QRVO","Qorvo, Inc.","40.39","5708767836.8","n/a","n/a","Technology","Semiconductors","http://www.nasdaq.com/symbol/qrvo",
"QCOM","QUALCOMM Incorporated","46.1","69292633584.4","n/a","1991","Technology","Radio And Television Broadcasting And Communications Equipment","http://www.nasdaq.com/symbol/qcom",
"QSII","Quality Systems, Inc.","16.86","1026141750","n/a","1982","Technology","EDP Services","http://www.nasdaq.com/symbol/qsii",
"QBAK","Qualstar Corporation","0.73","8944775.41","n/a","2000","Technology","Electronic Components","http://www.nasdaq.com/symbol/qbak",
"QLYS","Qualys, Inc.","28.81","985153398.02","n/a","2012","Technology","Computer Software: Prepackaged Software","http://www.nasdaq.com/symbol/qlys",
"QTM","Quantum Corporation","0.7752","204590377.02","n/a","n/a","Technology","Electronic Components","http://www.nasdaq.com/symbol/qtm",
"QRHC","Quest Resource Holding Corporation.","0.58","64794664.04","n/a","n/a","Technology","Diversified Commercial Services","http://www.nasdaq.com/symbol/qrhc",
"QUIK","QuickLogic Corporation","1.13","63957877.96","n/a","1999","Technology","Semiconductors","http://www.nasdaq.com/symbol/quik",
"QUMU","Qumu Corporation","2.75","25365076","n/a","n/a","Technology","Computer Software: Prepackaged Software","http://www.nasdaq.com/symbol/qumu",
"QUNR","Qunar Cayman Islands Limited","39.39","2539858297.86","64479774","2013","Technology","Computer Software: Programming, Data Processing","http://www.nasdaq.com/symbol/qunr",
"RAX","Rackspace Hosting, Inc","19.48","2623866314.08","n/a","2008","Technology","Computer Software: Programming, Data Processing","http://www.nasdaq.com/symbol/rax",
"RDCM","Radcom Ltd.","11.72","100652449.96","n/a","1997","Technology","Computer peripheral equipment","http://www.nasdaq.com/symbol/rdcm",
"RSYS","RadiSys Corporation","2.5","92289552.5","n/a","1995","Technology","Computer peripheral equipment","http://www.nasdaq.com/symbol/rsys",
"RMBS","Rambus, Inc.","11.12","1295857535.12","n/a","1997","Technology","Semiconductors","http://www.nasdaq.com/symbol/rmbs",
"RPD","Rapid7, Inc.","14.87","618500326.45","n/a","2015","Technology","Computer Software: Prepackaged Software","http://www.nasdaq.com/symbol/rpd",
"RCMT","RCM Technologies, Inc.","4.96","60889128.64","n/a","n/a","Technology","Professional Services","http://www.nasdaq.com/symbol/rcmt",
"RLOC","ReachLocal, Inc.","1.66","48839371.28","n/a","2010","Technology","Advertising","http://www.nasdaq.com/symbol/rloc",
"RLD","RealD Inc","10.34","528703484.1","n/a","2010","Technology","Radio And Television Broadcasting And Communications Equipment","http://www.nasdaq.com/symbol/rld",
"RNWK","RealNetworks, Inc.","3.57","129416048.58","n/a","1997","Technology","EDP Services","http://www.nasdaq.com/symbol/rnwk",
"RP","RealPage, Inc.","21.32","1671239174.28","n/a","2010","Technology","Computer Software: Prepackaged Software","http://www.nasdaq.com/symbol/rp",
"RHT","Red Hat, Inc.","76.6","13989086796.4","n/a","n/a","Technology","Computer Software: Programming, Data Processing","http://www.nasdaq.com/symbol/rht",
"REDF","Rediff.com India Limited","0.62","5763492.72","9295956","n/a","Technology","EDP Services","http://www.nasdaq.com/symbol/redf",
"RWC","RELM Wireless Corporation","3.79","51992720.84","n/a","n/a","Technology","Radio And Television Broadcasting And Communications Equipment","http://www.nasdaq.com/symbol/rwc",
"SOL","Renesola Ltd.","1.63","166771383.16","n/a","2008","Technology","Semiconductors","http://www.nasdaq.com/symbol/sol",
"RNVA","Rennova Health, Inc.","0.8095","11143071.0625","n/a","n/a","Technology","EDP Services","http://www.nasdaq.com/symbol/rnva",
"RNVAW","Rennova Health, Inc.","n/a","0","n/a","n/a","Technology","EDP Services","http://www.nasdaq.com/symbol/rnvaw",
"RENN","Renren Inc.","3.14","1073282793.98","n/a","2011","Technology","EDP Services","http://www.nasdaq.com/symbol/renn",
"RCII","Rent-A-Center Inc.","12.48","662290786.56","n/a","1995","Technology","Diversified Commercial Services","http://www.nasdaq.com/symbol/rcii",
"RESN","Resonant Inc.","2","14432144","n/a","2014","Technology","Semiconductors","http://www.nasdaq.com/symbol/resn",
"RXN","Rexnord Corporation","14.81","1486412462.6","n/a","2012","Technology","Industrial Machinery/Components","http://www.nasdaq.com/symbol/rxn",
"RNG","Ringcentral, Inc.","21","1489863711","n/a","2013","Technology","EDP Services","http://www.nasdaq.com/symbol/rng",
"RHI","Robert Half International Inc.","42.42","5628550725","n/a","n/a","Technology","Professional Services","http://www.nasdaq.com/symbol/rhi",
"FUEL","Rocket Fuel Inc.","3.3","141979671.9","n/a","2013","Technology","Computer Software: Programming, Data Processing","http://www.nasdaq.com/symbol/fuel",
"RST","Rosetta Stone","6.4","139497504","n/a","2009","Technology","Computer Software: Prepackaged Software","http://www.nasdaq.com/symbol/rst",
"RBCN","Rubicon Technology, Inc.","1.03","26989641.05","n/a","2007","Technology","Semiconductors","http://www.nasdaq.com/symbol/rbcn",
"RKUS","Ruckus Wireless, Inc.","9.32","826586792.4","n/a","2012","Technology","Computer peripheral equipment","http://www.nasdaq.com/symbol/rkus",
"SABR","Sabre Corporation","25.66","7121895741.68","n/a","2014","Technology","Computer Software: Programming, Data Processing","http://www.nasdaq.com/symbol/sabr",
"CRM","Salesforce.com Inc","72.35","48040400000","n/a","2004","Technology","Computer Software: Prepackaged Software","http://www.nasdaq.com/symbol/crm",
"SNDK","SanDisk Corporation","71.8","14409649269.2","n/a","1995","Technology","Electronic Components","http://www.nasdaq.com/symbol/sndk",
"SANM","Sanmina Corporation","17.15","1344642577.25","n/a","1993","Technology","Electrical Products","http://www.nasdaq.com/symbol/sanm",
"SAP","SAP SE","78.43","93741840273.4","n/a","n/a","Technology","Computer Software: Prepackaged Software","http://www.nasdaq.com/symbol/sap",
"SPNS","Sapiens International Corporation N.V.","9.8","469727377","n/a","1992","Technology","Computer Software: Prepackaged Software","http://www.nasdaq.com/symbol/spns",
"SCSC","ScanSource, Inc.","29.4","786876182.4","n/a","n/a","Technology","Retail: Computer Software & Peripheral Equipment","http://www.nasdaq.com/symbol/scsc",
"SAIC","SCIENCE APPLICATIONS INTERNATIONAL CORPORATION","43.12","1960477534.4","n/a","n/a","Technology","EDP Services","http://www.nasdaq.com/symbol/saic",
"SGMS","Scientific Games Corp","6.14","529462926.58","n/a","n/a","Technology","EDP Services","http://www.nasdaq.com/symbol/sgms",
"SQI","SciQuest, Inc.","12.45","346302999.9","n/a","2010","Technology","Computer Software: Prepackaged Software","http://www.nasdaq.com/symbol/sqi",
"SEAC","SeaChange International, Inc.","6.6","222383106","n/a","1996","Technology","Radio And Television Broadcasting And Communications Equipment","http://www.nasdaq.com/symbol/seac",
"STX","Seagate Technology PLC","31.07","9290920076.62","n/a","2002","Technology","Electronic Components","http://www.nasdaq.com/symbol/stx",
"SMI","Semiconductor  Manufacturing International Corporation","4.63","3803969348.76","n/a","2004","Technology","Semiconductors","http://www.nasdaq.com/symbol/smi",
"LEDS","SemiLEDS Corporation","0.33","9587221.05","n/a","2010","Technology","Semiconductors","http://www.nasdaq.com/symbol/leds",
"SMTC","Semtech Corporation","18.66","1211048330.88","n/a","n/a","Technology","Semiconductors","http://www.nasdaq.com/symbol/smtc",
"SQNS","Sequans Communications S.A.","1.7384","102817217.7544","n/a","2011","Technology","Semiconductors","http://www.nasdaq.com/symbol/sqns",
"NOW","ServiceNow, Inc.","76.79","12209610000","n/a","2012","Technology","Computer Software: Prepackaged Software","http://www.nasdaq.com/symbol/now",
"SGOC","SGOCO Group, Ltd","0.4959","8725291.5699","n/a","2010","Technology","Radio And Television Broadcasting And Communications Equipment","http://www.nasdaq.com/symbol/sgoc",
"SHSP","SharpSpring, Inc.","3.15","22784107.5","n/a","n/a","Technology","Advertising","http://www.nasdaq.com/symbol/shsp",
"SHOP","Shopify Inc.","21.38","1199975077.28","n/a","2015","Technology","Computer Software: Prepackaged Software","http://www.nasdaq.com/symbol/shop",
"SSTK","Shutterstock, Inc.","29.96","1081038201.32","n/a","2012","Technology","EDP Services","http://www.nasdaq.com/symbol/sstk",
"SWIR","Sierra Wireless, Inc.","13.33","430107552.89","n/a","n/a","Technology","Radio And Television Broadcasting And Communications Equipment","http://www.nasdaq.com/symbol/swir",
"SIFY","Sify Technologies Limited","0.9599","24090874.2725","25097275","n/a","Technology","Computer Software: Programming, Data Processing","http://www.nasdaq.com/symbol/sify",
"SIGM","Sigma Designs, Inc.","5.75","209598580.25","n/a","1986","Technology","Semiconductors","http://www.nasdaq.com/symbol/sigm",
"SGMA","SigmaTron International, Inc.","6.75","28144914.75","n/a","1994","Technology","Electrical Products","http://www.nasdaq.com/symbol/sgma",
"SILC","Silicom Ltd","27.34","198889833.22","n/a","n/a","Technology","Computer Communications Equipment","http://www.nasdaq.com/symbol/silc",
"SGI","Silicon Graphics International Corp","6.3","223432876.8","n/a","n/a","Technology","Computer Manufacturing","http://www.nasdaq.com/symbol/sgi",
"SLAB","Silicon Laboratories, Inc.","43.04","1789374399.36","n/a","2000","Technology","Semiconductors","http://www.nasdaq.com/symbol/slab",
"SIMO","Silicon Motion Technology Corporation","27.85","968816808.15","34786959","2005","Technology","Semiconductors","http://www.nasdaq.com/symbol/simo",
"SPIL","Siliconware Precision Industries Company, Ltd.","7.71","457180147.56","59297036","n/a","Technology","Semiconductors","http://www.nasdaq.com/symbol/spil",
"SSNI","Silver Spring Networks, Inc.","11.66","586994506.12","n/a","2013","Technology","Computer Communications Equipment","http://www.nasdaq.com/symbol/ssni",
"SLP","Simulations Plus, Inc.","10.39","176588450.39","n/a","n/a","Technology","EDP Services","http://www.nasdaq.com/symbol/slp",
"SINA","Sina Corporation","45.04","2703950637.12","n/a","n/a","Technology","Computer Software: Prepackaged Software","http://www.nasdaq.com/symbol/sina",
"MOBI","Sky-mobi Limited","2","28323326","14161663","2010","Technology","Computer Software: Prepackaged Software","http://www.nasdaq.com/symbol/mobi",
"SWKS","Skyworks Solutions, Inc.","62.16","11881951692.24","n/a","n/a","Technology","Semiconductors","http://www.nasdaq.com/symbol/swks",
"SMT","SMART Technologies Inc.","0.2301","28171124.592","n/a","n/a","Technology","Computer peripheral equipment","http://www.nasdaq.com/symbol/smt",
"SMSI","Smith Micro Software, Inc.","0.73","33648655.04","n/a","1995","Technology","Computer Software: Prepackaged Software","http://www.nasdaq.com/symbol/smsi",
"SMTX","SMTC Corporation","1.33","21834977.08","n/a","2000","Technology","Electrical Products","http://www.nasdaq.com/symbol/smtx",
"SOHU","Sohu.com Inc.","50.13","1936875416.76","n/a","n/a","Technology","EDP Services","http://www.nasdaq.com/symbol/sohu",
"SEDG","SolarEdge Technologies, Inc.","24.25","953130293.5","n/a","2015","Technology","Semiconductors","http://www.nasdaq.com/symbol/sedg",
"SWI","Solarwinds, Inc.","59.05","4237731221.75","n/a","2009","Technology","Computer Software: Prepackaged Software","http://www.nasdaq.com/symbol/swi",
"SLH","Solera Holdings, Inc.","54.47","3662725120.6","n/a","2007","Technology","Computer Software: Programming, Data Processing","http://www.nasdaq.com/symbol/slh",
"SOFO","Sonic Foundry, Inc.","4.7599","20770966.026","n/a","n/a","Technology","Radio And Television Broadcasting And Communications Equipment","http://www.nasdaq.com/symbol/sofo",
"SONS","Sonus Networks, Inc.","5.7","283514078.4","n/a","n/a","Technology","EDP Services","http://www.nasdaq.com/symbol/sons",
"SFUN","SouFun Holdings Limited","5.78","2497186576","n/a","2010","Technology","EDP Services","http://www.nasdaq.com/symbol/sfun",
"SPA","Sparton Corporation","17.47","172612806.69","n/a","n/a","Technology","Electrical Products","http://www.nasdaq.com/symbol/spa",
"SPDC","Speed Commerce, Inc.","0.0403","3528125.4008","n/a","n/a","Technology","Retail: Computer Software & Peripheral Equipment","http://www.nasdaq.com/symbol/spdc",
"ANY","Sphere 3D Corp.","1.3","53315600","n/a","n/a","Technology","EDP Services","http://www.nasdaq.com/symbol/any",
"SPLK","Splunk Inc.","50.27","6520254816.57","n/a","2012","Technology","Computer Software: Prepackaged Software","http://www.nasdaq.com/symbol/splk",
"SPSC","SPS Commerce, Inc.","60.32","1002829952.8","n/a","2010","Technology","Computer Software: Prepackaged Software","http://www.nasdaq.com/symbol/spsc",
"SPXC","SPX Corporation","8.15","332558101.25","n/a","n/a","Technology","Industrial Machinery/Components","http://www.nasdaq.com/symbol/spxc",
"FLOW","SPX FLOW, Inc.","23.31","962423559.72","n/a","2015","Technology","Industrial Machinery/Components","http://www.nasdaq.com/symbol/flow",
"SQ","Square, Inc.","11.61","3829962168.09","n/a","2015","Technology","Computer Software: Prepackaged Software","http://www.nasdaq.com/symbol/sq",
"SSNC","SS&C Technologies Holdings, Inc.","58.69","5866315167.26","n/a","2010","Technology","Computer Software: Prepackaged Software","http://www.nasdaq.com/symbol/ssnc",
"STAF","Staffing 360 Solutions, Inc.","3.55","16404333.45","n/a","1996","Technology","Professional Services","http://www.nasdaq.com/symbol/staf",
"SXI","Standex International Corporation","73.46","938203205.2","n/a","n/a","Technology","Industrial Machinery/Components","http://www.nasdaq.com/symbol/sxi",
"SRT","StarTek, Inc.","3.53","55021884.08","n/a","1997","Technology","Professional Services","http://www.nasdaq.com/symbol/srt",
"STM","STMicroelectronics N.V.","5.95","5227113538.15","n/a","n/a","Technology","Semiconductors","http://www.nasdaq.com/symbol/stm",
"SSYS","Stratasys, Ltd.","19.52","1015645120","n/a","1994","Technology","Computer peripheral equipment","http://www.nasdaq.com/symbol/ssys",
"STRM","Streamline Health Solutions, Inc.","1.53","28738816.2","n/a","n/a","Technology","EDP Services","http://www.nasdaq.com/symbol/strm",
"SEMI","SunEdison Semiconductor Limited","5.11","214415528.46","n/a","2014","Technology","Semiconductors","http://www.nasdaq.com/symbol/semi",
"SUNE","SunEdison, Inc.","2.81","889987055.32","n/a","n/a","Technology","Semiconductors","http://www.nasdaq.com/symbol/sune",
"SPWR","SunPower Corporation","23.41","3197646437.44","n/a","2005","Technology","Semiconductors","http://www.nasdaq.com/symbol/spwr",
"SMCI","Super Micro Computer, Inc.","24.99","1189261380.09","n/a","2007","Technology","Computer Manufacturing","http://www.nasdaq.com/symbol/smci",
"SPCB","SuperCom, Ltd.","4.79","77914389.08","n/a","n/a","Technology","Semiconductors","http://www.nasdaq.com/symbol/spcb",
"SCON","Superconductor Technologies Inc.","0.1676","5318900.4708","n/a","1993","Technology","Radio And Television Broadcasting And Communications Equipment","http://www.nasdaq.com/symbol/scon",
"SPRT","support.com, Inc.","0.8999","49238608.0356","n/a","2000","Technology","EDP Services","http://www.nasdaq.com/symbol/sprt",
"SYKE","Sykes Enterprises, Incorporated","28.39","1213973178.49","n/a","1996","Technology","EDP Services","http://www.nasdaq.com/symbol/syke",
"SYMC","Symantec Corporation","20.25","13679403606","n/a","1989","Technology","Computer Software: Prepackaged Software","http://www.nasdaq.com/symbol/symc",
"SYNC","Synacor, Inc.","1.67","50009452.6","n/a","2012","Technology","Computer Software: Programming, Data Processing","http://www.nasdaq.com/symbol/sync",
"SYNA","Synaptics Incorporated","64.03","2319952568.25","n/a","2002","Technology","EDP Services","http://www.nasdaq.com/symbol/syna",
"SNCR","Synchronoss Technologies, Inc.","30.5","1345796914.5","n/a","2006","Technology","EDP Services","http://www.nasdaq.com/symbol/sncr",
"SNX","Synnex Corporation","80.81","3197640224.98","n/a","2003","Technology","Retail: Computer Software & Peripheral Equipment","http://www.nasdaq.com/symbol/snx",
"SNPS","Synopsys, Inc.","40.53","6138384577.92","n/a","1992","Technology","Computer Software: Prepackaged Software","http://www.nasdaq.com/symbol/snps",
"SYNT","Syntel, Inc.","44.48","3731232466.56","n/a","1997","Technology","EDP Services","http://www.nasdaq.com/symbol/synt",
"SYRX","Sysorex Global","0.6071","15348488.5008","n/a","2014","Technology","EDP Services","http://www.nasdaq.com/symbol/syrx",
"DATA","Tableau Software, Inc.","82.15","5950261526.2","n/a","2013","Technology","Computer Software: Prepackaged Software","http://www.nasdaq.com/symbol/data",
"TSM","Taiwan Semiconductor Manufacturing Company Ltd.","20.48","106210836480","n/a","1997","Technology","Semiconductors","http://www.nasdaq.com/symbol/tsm",
"TTWO","Take-Two Interactive Software, Inc.","32.5","2750228097.5","n/a","1997","Technology","Computer Software: Prepackaged Software","http://www.nasdaq.com/symbol/ttwo",
"TAL","TAL International Group, Inc.","10.89","362150118.99","n/a","2005","Technology","Diversified Commercial Services","http://www.nasdaq.com/symbol/tal",
"TNGO","Tangoe, Inc.","7.74","305194546.8","n/a","2011","Technology","Computer Software: Prepackaged Software","http://www.nasdaq.com/symbol/tngo",
"TMH","Team Health Holdings, Inc.","40.55","2943263885.15","n/a","2009","Technology","Professional Services","http://www.nasdaq.com/symbol/tmh",
"TECD","Tech Data Corporation","60.27","2113792513.77","n/a","1986","Technology","Retail: Computer Software & Peripheral Equipment","http://www.nasdaq.com/symbol/tecd",
"TCCO","Technical Communications Corporation","2.9101","5354226.0577","n/a","n/a","Technology","Radio And Television Broadcasting And Communications Equipment","http://www.nasdaq.com/symbol/tcco",
"TSYS","TeleCommunication Systems, Inc.","4.95","303327065.25","n/a","2000","Technology","Computer Software: Prepackaged Software","http://www.nasdaq.com/symbol/tsys",
"TTEC","TeleTech Holdings, Inc.","25.14","1216671643.86","n/a","1996","Technology","Professional Services","http://www.nasdaq.com/symbol/ttec",
"TNC","Tennant Company","52.72","940377869.36","n/a","n/a","Technology","Industrial Machinery/Components","http://www.nasdaq.com/symbol/tnc",
"TDC","Teradata Corporation","22.69","3017770000","n/a","n/a","Technology","Computer Manufacturing","http://www.nasdaq.com/symbol/tdc",
"TSRA","Tessera Technologies, Inc.","26.8","1367735668.4","n/a","2003","Technology","Semiconductors","http://www.nasdaq.com/symbol/tsra",
"TXN","Texas Instruments Incorporated","49.82","50538009377.22","n/a","n/a","Technology","Semiconductors","http://www.nasdaq.com/symbol/txn",
"TGH","Textainer Group Holdings Limited","10.67","608360506.6","n/a","2007","Technology","Diversified Commercial Services","http://www.nasdaq.com/symbol/tgh",
"TXTR","Textura Corporation","17.36","452875059.28","n/a","2013","Technology","Computer Software: Prepackaged Software","http://www.nasdaq.com/symbol/txtr",
"DSGX","The Descartes Systems Group Inc.","18.28","1384896163.52","n/a","n/a","Technology","Computer Software: Prepackaged Software","http://www.nasdaq.com/symbol/dsgx",
"KEYW","The KEYW Holding Corporation","5.01","200072671.65","n/a","2010","Technology","EDP Services","http://www.nasdaq.com/symbol/keyw",
"MIDD","The Middleby Corporation","92.49","5301280036.68","n/a","n/a","Technology","Industrial Machinery/Components","http://www.nasdaq.com/symbol/midd",
"RUBI","The Rubicon Project, Inc.","14.74","654143895.24","n/a","2014","Technology","Computer Software: Programming, Data Processing","http://www.nasdaq.com/symbol/rubi",
"ULTI","The Ultimate Software Group, Inc.","170.06","4873169635.4","n/a","1998","Technology","Computer Software: Prepackaged Software","http://www.nasdaq.com/symbol/ulti",
"TISA","Top Image Systems, Ltd.","2.55","45675906","n/a","1996","Technology","Computer peripheral equipment","http://www.nasdaq.com/symbol/tisa",
"TSEM","Tower Semiconductor Ltd.","12.47","962449726.11","n/a","1994","Technology","Semiconductors","http://www.nasdaq.com/symbol/tsem",
"TACT","TransAct Technologies Incorporated","7.95","61650596.4","n/a","1996","Technology","Computer peripheral equipment","http://www.nasdaq.com/symbol/tact",
"TZOO","Travelzoo Inc.","7.5","110478405","n/a","n/a","Technology","EDP Services","http://www.nasdaq.com/symbol/tzoo",
"TRMR","Tremor Video, Inc.","1.8","93803011.2","n/a","2013","Technology","Advertising","http://www.nasdaq.com/symbol/trmr",
"TSL","Trina Solar Limited","9.6","884390083.2","n/a","2006","Technology","Semiconductors","http://www.nasdaq.com/symbol/tsl",
"TRT","Trio-Tech International","2.5496","8956885.028","n/a","n/a","Technology","Industrial Machinery/Components","http://www.nasdaq.com/symbol/trt",
"TRIP","TripAdvisor, Inc.","72.94","10516977752.12","n/a","n/a","Technology","Computer Software: Programming, Data Processing","http://www.nasdaq.com/symbol/trip",
"TBI","TrueBlue, Inc.","21.8","914901026.6","n/a","n/a","Technology","Professional Services","http://www.nasdaq.com/symbol/tbi",
"TRUE","TrueCar, Inc.","6.53","539942760.11","n/a","2014","Technology","Computer Software: Programming, Data Processing","http://www.nasdaq.com/symbol/true",
"TSRI","TSR, Inc.","4.01","7867868.62","n/a","n/a","Technology","EDP Services","http://www.nasdaq.com/symbol/tsri",
"TTMI","TTM Technologies, Inc.","5.24","519455091.24","n/a","2000","Technology","Electrical Products","http://www.nasdaq.com/symbol/ttmi",
"TUBE","TubeMogul, Inc.","12.81","448963727.1","n/a","2014","Technology","Computer Software: Prepackaged Software","http://www.nasdaq.com/symbol/tube",
"TCX","Tucows Inc.","19.22","204918296.84","n/a","n/a","Technology","EDP Services","http://www.nasdaq.com/symbol/tcx",
"TWIN","Twin Disc, Incorporated","8.71","98875258.04","n/a","n/a","Technology","Industrial Machinery/Components","http://www.nasdaq.com/symbol/twin",
"TWTR","Twitter, Inc.","18.68","12757443478.04","n/a","2013","Technology","Computer Software: Programming, Data Processing","http://www.nasdaq.com/symbol/twtr",
"TYL","Tyler Technologies, Inc.","157.5","5345392500","n/a","n/a","Technology","Computer Software: Prepackaged Software","http://www.nasdaq.com/symbol/tyl",
"UBIC","UBIC, Inc.","15.4","1671516","108540","2013","Technology","EDP Services","http://www.nasdaq.com/symbol/ubic",
"UBNT","Ubiquiti Networks, Inc.","28.12","2378548168.68","n/a","2011","Technology","Radio And Television Broadcasting And Communications Equipment","http://www.nasdaq.com/symbol/ubnt",
"UCTT","Ultra Clean Holdings, Inc.","5.25","169334639.25","n/a","2004","Technology","Semiconductors","http://www.nasdaq.com/symbol/uctt",
"UTEK","Ultratech, Inc.","17.91","473396600.61","n/a","1993","Technology","Industrial Machinery/Components","http://www.nasdaq.com/symbol/utek",
"UIS","Unisys Corporation","8.87","442912052.05","n/a","n/a","Technology","EDP Services","http://www.nasdaq.com/symbol/uis",
"UMC","United Microelectronics Corporation","1.67","4214003184","n/a","n/a","Technology","Semiconductors","http://www.nasdaq.com/symbol/umc",
"UNTD","United Online, Inc.","10.09","149517242.31","n/a","n/a","Technology","Computer Software: Programming, Data Processing","http://www.nasdaq.com/symbol/untd",
"URI","United Rentals, Inc.","57.74","5359909564.14","n/a","1997","Technology","Diversified Commercial Services","http://www.nasdaq.com/symbol/uri",
"UPIP","Unwired Planet, Inc.","9.27","7273918.71","n/a","n/a","Technology","Computer Software: Prepackaged Software","http://www.nasdaq.com/symbol/upip",
"UPLD","Upland Software, Inc.","6.99","108726570.12","n/a","2014","Technology","Computer Software: Prepackaged Software","http://www.nasdaq.com/symbol/upld",
"VRNS","Varonis Systems, Inc.","18","463645440","n/a","2014","Technology","Computer Software: Prepackaged Software","http://www.nasdaq.com/symbol/vrns",
"VDSI","VASCO Data Security International, Inc.","15.42","614132864.28","n/a","n/a","Technology","EDP Services","http://www.nasdaq.com/symbol/vdsi",
"VECO","Veeco Instruments Inc.","17.25","706270269","n/a","1994","Technology","Industrial Machinery/Components","http://www.nasdaq.com/symbol/veco",
"VEEV","Veeva Systems Inc.","24.34","3237112344.18","n/a","2013","Technology","Computer Software: Prepackaged Software","http://www.nasdaq.com/symbol/veev",
"VRNT","Verint Systems Inc.","37.68","2345722392.72","n/a","2002","Technology","EDP Services","http://www.nasdaq.com/symbol/vrnt",
"VRSN","VeriSign, Inc.","76.09","8484579956.58","n/a","1998","Technology","EDP Services","http://www.nasdaq.com/symbol/vrsn",
"VRSK","Verisk Analytics, Inc.","71.89","12180204225.28","n/a","2009","Technology","EDP Services","http://www.nasdaq.com/symbol/vrsk",
"VSAT","ViaSat, Inc.","61.96","2998085224.76","n/a","1996","Technology","Radio And Television Broadcasting And Communications Equipment","http://www.nasdaq.com/symbol/vsat",
"VIAV","Viavi Solutions Inc.","5.26","1248326859.48","n/a","n/a","Technology","Semiconductors","http://www.nasdaq.com/symbol/viav",
"VGGL","Viggle Inc.","0.25","6285257.5","n/a","n/a","Technology","Computer Software: Programming, Data Processing","http://www.nasdaq.com/symbol/vggl",
"VMEM","Violin Memory, Inc.","0.7181","70661791.1326","n/a","2013","Technology","Electronic Components","http://www.nasdaq.com/symbol/vmem",
"VRTU","Virtusa Corporation","41.54","1237754294.9","n/a","2007","Technology","EDP Services","http://www.nasdaq.com/symbol/vrtu",
"VISN","VisionChina Media, Inc.","8.6","34077689.2","3962522","2007","Technology","Advertising","http://www.nasdaq.com/symbol/visn",
"VMW","Vmware, Inc.","52.27","22006694544.27","n/a","2007","Technology","Computer Software: Prepackaged Software","http://www.nasdaq.com/symbol/vmw",
"VISI","Volt Information Sciences, Inc.","7.38","153501904.08","n/a","n/a","Technology","Professional Services","http://www.nasdaq.com/symbol/visi",
"VUZI","Vuzix Corporation","5.2","83509056.8","n/a","n/a","Technology","Radio And Television Broadcasting And Communications Equipment","http://www.nasdaq.com/symbol/vuzi",
"WAVX","Wave Systems Corp.","1.14","693462","n/a","1994","Technology","Computer peripheral equipment","http://www.nasdaq.com/symbol/wavx",
"WSTG","Wayside Technology Group, Inc.","19.03","89888737.84","n/a","n/a","Technology","Retail: Computer Software & Peripheral Equipment","http://www.nasdaq.com/symbol/wstg",
"WEB","Web.com Group, Inc.","18.15","923302479","n/a","n/a","Technology","Computer Software: Prepackaged Software","http://www.nasdaq.com/symbol/web",
"WB","Weibo Corporation","16.46","777751723.36","47251016","2014","Technology","Computer Software: Programming, Data Processing","http://www.nasdaq.com/symbol/wb",
"WDC","Western Digital Corporation","49.99","11583474791.61","n/a","n/a","Technology","Electronic Components","http://www.nasdaq.com/symbol/wdc",
"WYY","WidePoint Corporation","0.575","47449400.2","n/a","n/a","Technology","EDP Services","http://www.nasdaq.com/symbol/wyy",
"WIT","Wipro Limited","11.07","27177562730.88","n/a","n/a","Technology","EDP Services","http://www.nasdaq.com/symbol/wit",
"WIX","Wix.com Ltd.","20.76","824053813.32","n/a","2013","Technology","Computer Software: Programming, Data Processing","http://www.nasdaq.com/symbol/wix",
"WDAY","Workday, Inc.","71.26","13824440000","n/a","2012","Technology","EDP Services","http://www.nasdaq.com/symbol/wday",
"WK","Workiva Inc.","15.45","630167601.15","n/a","2014","Technology","Computer Software: Prepackaged Software","http://www.nasdaq.com/symbol/wk",
"WOWO","Wowo Limited","4.85","31696316.55","6535323","2015","Technology","EDP Services","http://www.nasdaq.com/symbol/wowo",
"WPPGY","WPP plc","104.56","1632608204.8","15614080","n/a","Technology","Advertising","http://www.nasdaq.com/symbol/wppgy",
"WSCI","WSI Industries Inc.","3.747","10939366.5","n/a","n/a","Technology","Industrial Machinery/Components","http://www.nasdaq.com/symbol/wsci",
"XTLY","Xactly Corporation","6.74","196703273.88","n/a","2015","Technology","Computer Software: Prepackaged Software","http://www.nasdaq.com/symbol/xtly",
"XLNX","Xilinx, Inc.","41.91","10769822920.56","n/a","1990","Technology","Semiconductors","http://www.nasdaq.com/symbol/xlnx",
"XPLR","Xplore Technologies Corp","4.139","45030275.334","n/a","n/a","Technology","Computer Manufacturing","http://www.nasdaq.com/symbol/xplr",
"XNET","Xunlei Limited","6.45","119234364.6","18485948","2014","Technology","Computer Software: Prepackaged Software","http://www.nasdaq.com/symbol/xnet",
"YHOO","Yahoo! Inc.","29.44","27801815439.36","n/a","1996","Technology","EDP Services","http://www.nasdaq.com/symbol/yhoo",
"YNDX","Yandex N.V.","12.98","4139553705.98","n/a","2011","Technology","Computer Software: Programming, Data Processing","http://www.nasdaq.com/symbol/yndx",
"YGE","Yingli Green Energy Holding Company Limited","3.43","6234498.34","n/a","2007","Technology","Semiconductors","http://www.nasdaq.com/symbol/yge",
"YOKU","Youku Tudou Inc.","27.06","5294454931.92","n/a","2010","Technology","Radio And Television Broadcasting And Communications Equipment","http://www.nasdaq.com/symbol/yoku",
"YUME","YuMe, Inc.","3.08","106042558.16","n/a","2013","Technology","Advertising","http://www.nasdaq.com/symbol/yume",
"YY","YY Inc.","56.51","2072542507.27","36675677","2012","Technology","EDP Services","http://www.nasdaq.com/symbol/yy",
"ZBRA","Zebra Technologies Corporation","56.51","2944186709.78","n/a","1991","Technology","Industrial Machinery/Components","http://www.nasdaq.com/symbol/zbra",
"ZEN","Zendesk, Inc.","23.33","2069313001.62","n/a","2014","Technology","EDP Services","http://www.nasdaq.com/symbol/zen",
"ZPIN","Zhaopin Limited","14.85","927250112.25","n/a","2014","Technology","Professional Services","http://www.nasdaq.com/symbol/zpin",
"ZIXI","Zix Corporation","4.67","259089213.63","n/a","n/a","Technology","EDP Services","http://www.nasdaq.com/symbol/zixi",
"ZNGA","Zynga Inc.","2.37","2211142680.15","n/a","2011","Technology","EDP Services","http://www.nasdaq.com/symbol/znga",
